UniqueID,Drought2020Scale
319,0
319,0
319,0
319,0
319,0
1969,0
1969,1
1969,1
1969,0
2879,0
2879,0
2879,0
2879,0
4197,0
4197,0
4197,0
4197,0
4611,0
4611,0
5144,0
5144,0
5144,0
5144,0
5507,0
5507,0
5507,0
5507,1
5570,0
5570,0
5570,0
5570,0
5810,0
5812,0
5812,0
5992,0
5992,0
5992,0
5992,0
103,0
103,0
103,0
1053,0
1053,0
1053,1
1072,0
1072,0
1072,0
1074,0
1074,0
1074,0
1076,0
1076,0
1076,0
1076,0
1078,0
1078,0
1078,0
1079,0
1079,0
1079,0
1079,0
1081,0
1081,0
1081,0
1087,0
1087,0
1089,0
1089,0
1090,0
1090,0
1091,0
1091,0
1091,0
1092,0
1092,0
1092,0
1094,0
1094,0
1094,0
1095,0
1095,0
1095,0
1095,1
1098,4
1098,0
1099,0
1099,0
1099,0
110,0
110,0
1101,0
1101,0
1101,0
1101,0
1101,0
1102,0
1102,0
1104,0
1104,0
1104,0
1105,0
1105,0
1106,0
1107,0
1107,0
1108,0
1108,0
1108,0
1108,0
1109,0
1109,0
1109,0
1110,0
1110,0
1110,0
1110,0
1111,0
1111,0
1112,0
1112,0
1112,0
1112,0
1113,0
1114,0
1114,0
1114,0
1116,0
1116,0
1116,0
1117,0
1117,0
1117,0
1119,0
1119,0
1119,0
1119,0
112,0
112,0
112,0
1120,0
1120,0
1121,0
1121,0
1121,0
1121,0
1122,2
1122,0
1122,0
1122,1
1123,0
1123,0
1123,0
1123,0
11239,1
11239,1
11239,0
11239,0
1126,0
1127,0
1127,0
1128,0
1128,0
1129,0
1129,0
1129,0
113,0
113,0
113,0
113,0
1131,2
1131,3
1131,3
1132,1
1132,1
1133,4
1133,3
1133,3
1133,1
1136,1
1137,4
1137,1
1137,4
1137,1
1141,2
1141,2
1141,3
1142,3
1146,4
1146,3
1147,3
1147,3
1147,2
1148,4
1148,4
1148,4
115,0
115,0
115,0
1150,0
1150,0
1150,0
1150,0
1152,1
1152,2
1152,1
1153,3
1153,4
1153,3
1153,3
1154,1
1154,1
1156,2
1156,2
116,0
116,0
116,0
1160,2
1160,3
1160,3
1160,3
1161,0
1162,0
1162,0
1164,0
1164,0
1164,0
1164,1
1165,0
1165,0
1165,0
1168,0
1168,0
1168,0
1168,0
1168,0
1168,0
1168,0
1168,0
1169,0
117,0
1170,0
1170,0
1170,0
1170,0
1171,0
1173,0
1173,0
1175,0
1175,0
1176,0
1176,0
1176,0
1176,0
1177,0
1177,0
1177,0
1177,0
1178,0
1178,0
1178,0
1178,0
118,0
118,0
1181,0
1181,0
1181,0
1181,0
1182,0
1182,0
1182,0
1182,0
1183,0
1183,0
1183,0
1184,0
1184,0
1187,0
1187,0
1187,0
1188,0
1188,0
1188,0
1189,0
1189,0
1189,0
1190,0
1190,0
1190,0
1190,0
1191,0
1191,0
1194,0
1194,0
1199,0
120,0
120,0
1202,0
1202,0
1202,0
1202,0
1206,0
1206,2
1206,3
1206,3
1207,0
1207,0
1207,0
1207,0
1208,2
1208,1
1208,0
1209,0
1209,0
1209,0
1209,0
121,0
121,0
1210,0
1219,0
1219,0
1219,0
1219,2
122,0
122,0
122,0
1220,0
1220,1
1220,0
1220,1
1222,0
1222,4
1222,4
1222,4
1222,4
1224,4
1226,2
1226,2
1226,2
1226,2
1228,2
1232,3
1232,1
1233,4
1233,4
1233,4
1235,4
1235,2
1235,0
1235,1
1236,2
1236,2
1237,4
1237,4
1237,1
1238,3
1238,2
1238,2
1238,3
1238,3
1238,3
1239,1
1239,2
1239,3
124,0
124,0
124,0
124,0
124,0
1241,2
1241,2
1242,1
1242,0
1242,0
1242,1
1243,2
1243,2
1243,1
1245,0
1245,2
1245,1
1246,0
1246,0
1246,0
1248,3
1249,0
125,0
125,0
125,0
125,0
1252,2
1253,0
1253,0
1253,0
1253,1
1254,0
1254,0
1254,0
1254,0
1255,0
1255,0
1255,0
1255,3
1257,4
1259,0
1259,0
1259,1
1259,1
126,0
1260,1
1260,1
1260,1
1261,1
1261,1
1262,0
1263,2
1263,2
1263,1
1264,0
1264,0
1265,1
1267,1
1267,1
1267,1
1269,0
1269,0
127,0
127,0
127,0
127,0
1271,1
1271,1
1272,0
1272,0
1272,0
1272,0
1275,0
1275,0
1276,0
1276,0
1276,0
1276,0
1277,1
1277,0
1277,2
1277,1
1278,1
1278,1
1279,0
1279,0
1279,0
1279,0
128,0
1281,0
1281,0
1281,0
1284,0
1284,0
1284,0
1285,0
1286,0
1289,0
1289,1
1289,0
1289,0
1289,0
129,0
129,0
129,0
129,0
1291,0
1291,0
1291,0
1292,0
1292,0
1292,0
1293,0
1293,0
1294,1
1296,0
12966,1
1297,2
1297,2
1297,2
1297,2
1298,0
1298,1
1298,0
1298,1
1299,3
1299,1
1299,2
1299,1
1299,2
130,0
1300,1
1300,1
1300,1
1301,3
1302,2
1302,0
1302,0
1302,1
1303,0
1303,0
1303,0
1303,0
1305,0
1305,0
1305,1
1306,0
1306,0
1307,0
1307,0
1307,1
1308,0
1308,0
1308,0
1308,1
1309,0
1309,0
1309,1
131,0
131,0
131,0
131,0
1313,0
1314,2
1314,1
1314,1
1314,1
1315,0
1315,0
1316,1
1316,1
1317,2
1317,2
132,0
132,0
1322,0
1322,0
1323,1
1323,1
1326,0
1326,0
1326,0
1329,0
133,0
133,0
133,2
133,2
133,0
1330,0
1330,0
1330,0
1330,0
1331,0
1331,0
1331,0
1331,0
1332,0
1334,0
1336,0
1338,0
1338,0
1339,0
1339,0
13398,1
13398,1
13398,2
13398,3
13398,1
13398,1
134,0
135,0
135,0
135,0
1350,0
1352,0
1352,0
1353,0
1353,0
1353,0
1354,0
1354,0
1354,0
1355,0
1355,0
1355,0
136,0
136,0
136,0
1360,0
1360,0
1364,0
1364,0
1364,0
1364,1
1364,1
13661,0
13661,0
13661,0
13661,0
13661,1
1368,4
1368,2
1368,2
1368,1
1369,0
1369,0
1369,0
1369,1
137,0
137,0
137,0
137,0
137,0
137,0
138,0
138,0
138,0
138,0
139,0
139,0
139,0
139,0
1391,0
1391,0
1391,0
1392,0
1392,0
1393,0
1393,0
1393,0
1393,0
140,0
140,0
140,0
140,0
1405,0
1405,0
1408,0
141,0
141,0
141,0
143,0
143,0
143,0
144,0
146,0
146,0
147,0
147,0
147,0
147,0
148,0
148,0
148,0
148,0
149,0
149,0
150,0
150,0
150,0
150,1
1500,0
1500,0
1500,0
1502,0
1506,0
1506,0
1506,0
1508,0
1508,0
1508,0
1518,0
1518,0
1518,0
1518,0
152,0
152,0
152,0
1520,0
1520,0
153,0
1530,0
1534,0
1535,0
1535,0
154,0
154,1
1540,0
1540,0
1542,0
1542,0
1542,0
1542,0
1548,0
1548,0
1548,0
1548,0
1548,0
1548,0
1548,0
155,0
155,0
155,0
155,0
1550,0
1554,0
156,0
156,0
156,0
1561,1
1561,1
1561,1
1561,1
1566,0
1566,0
1566,0
1566,0
1567,0
1567,0
1567,0
1569,0
1569,0
1569,0
157,0
157,0
157,0
157,0
158,0
158,1
158,1
158,1
1588,2
1588,0
1588,0
1588,0
159,0
159,0
159,0
159,0
1590,1
1590,1
1590,1
1590,1
1594,4
160,0
160,0
1603,0
1603,0
1603,0
161,0
161,0
1613,0
162,1
162,0
162,0
162,1
1621,0
1626,1
1626,1
1626,2
1629,0
1629,0
1629,0
1629,0
163,0
163,0
163,0
163,0
163,0
163,0
1635,0
1635,0
1636,0
1636,0
1636,0
1637,1
1637,2
1637,1
1638,0
1638,0
1638,0
1638,1
1639,2
1639,3
164,0
164,0
164,0
164,0
1642,0
1642,0
1642,0
165,0
165,0
1660,0
1660,0
1660,0
1660,0
1661,0
1661,0
1661,0
1661,0
1662,0
1662,0
1662,0
1662,0
1669,2
1669,1
1669,0
1669,1
167,0
167,0
1674,2
1674,1
1674,1
1674,1
1676,4
1676,0
1676,0
1676,0
168,0
168,1
1689,0
1689,0
1689,0
1689,0
169,0
1691,0
1691,0
1691,0
170,0
170,0
170,0
170,1
1703,0
1703,0
1703,0
1703,0
1704,0
1704,0
1708,0
1715,0
1715,0
1715,0
1715,0
1716,0
1716,0
1716,3
1716,0
1717,2
1717,3
1717,3
1717,3
172,0
1720,4
1725,4
1725,3
1726,2
1726,3
1726,2
1727,1
1727,2
1727,1
1728,4
1729,2
173,2
1730,2
1730,2
1731,4
1731,4
1732,2
1732,1
1732,1
1732,1
1732,1
1733,2
1733,0
1733,1
1733,1
1734,2
1734,2
1734,1
1735,4
1735,3
1735,3
1735,1
1736,0
1736,0
1736,0
1736,0
1737,3
1737,3
1737,2
1737,2
1738,0
1738,0
1738,1
1739,2
1739,3
1739,2
1739,2
1741,3
1741,4
1742,3
1743,4
1743,2
1744,4
1745,2
1745,1
1745,1
1746,0
1747,3
1747,0
1747,1
1747,2
1749,2
1749,1
1749,1
1749,1
175,4
175,3
1750,1
1750,2
1750,0
1750,1
1751,4
1751,1
1751,1
1751,1
1752,2
1752,1
1752,0
1752,1
1753,4
1753,4
1754,2
1755,2
1755,4
1755,2
1756,3
1756,2
1757,4
1757,4
1757,2
1758,4
1761,0
1761,0
1761,0
1761,0
1762,1
1762,3
1762,1
1762,1
1763,0
1763,0
1763,1
1763,1
1764,2
1764,1
1764,1
1765,3
1765,1
1765,1
1766,4
1767,2
1767,1
1767,1
1768,1
1768,1
1769,1
1769,1
177,0
177,0
177,0
177,1
1771,2
1772,0
1772,3
1772,3
1773,2
1773,1
1773,1
1774,3
1774,3
1774,3
178,4
178,4
178,4
178,3
179,0
179,0
179,0
179,0
179,0
179,1
1798,0
1798,0
1798,0
1798,0
180,0
180,0
180,0
1800,2
1800,2
1800,2
1800,1
1804,0
1804,0
1804,0
1804,0
1808,0
1808,0
1808,0
1808,0
181,0
181,0
181,0
1811,0
1811,0
1811,0
1811,0
1813,0
1813,0
1813,0
1813,0
1817,0
1817,0
182,0
182,0
182,0
1826,0
1826,0
1826,0
1826,0
1828,0
1828,0
1828,0
1838,0
1844,0
1844,0
1847,0
1847,0
1847,0
1847,0
185,0
185,0
1853,0
1853,0
1853,0
1853,0
1855,0
1855,0
1855,0
1855,0
186,0
186,0
186,0
186,0
186,0
186,0
186,0
1861,0
1861,0
187,0
187,0
187,0
187,0
1870,0
1870,0
1870,0
1870,0
1874,0
1874,0
1874,0
1874,0
1878,2
1878,3
1878,2
1878,1
188,0
188,0
1881,0
1883,0
1883,0
1887,2
1887,2
1887,1
1890,0
1892,0
1892,0
1892,1
1892,1
1897,0
1897,0
1897,0
1897,0
190,0
1908,0
1908,0
1908,0
1908,0
191,0
191,0
1910,0
1910,0
1910,0
1912,0
1916,0
1916,3
1917,0
1919,0
1919,0
192,0
192,0
192,0
192,0
192,0
192,0
1920,0
1928,0
1928,0
193,1
193,1
193,1
1930,0
1930,0
1931,0
1933,1
1937,0
1937,0
1937,0
1937,0
1938,0
1939,0
1939,0
194,0
1941,0
1946,0
1946,0
1946,0
195,0
195,0
195,0
195,0
1953,0
1953,0
1953,0
1953,0
1955,0
1955,0
1955,0
1955,0
1958,0
196,2
196,0
196,0
1964,4
197,0
197,0
197,0
1975,0
1975,0
1975,0
1975,0
1976,4
1976,4
1976,4
1979,2
1979,3
1979,0
1979,0
198,0
1982,4
1983,0
1983,0
1983,0
1983,0
1984,2
1985,4
1986,1
1986,1
1988,2
1989,4
1989,4
199,0
199,0
199,0
1991,0
1991,0
1991,1
200,4
200,0
200,0
201,0
201,0
201,0
202,0
202,0
202,0
202,0
203,3
204,0
204,0
204,0
205,0
205,0
205,0
206,0
206,1
2065,0
2065,0
2066,4
2067,4
2068,1
2068,1
2068,1
2069,0
207,0
207,0
207,0
207,0
2072,0
2072,0
2072,0
2072,1
2073,2
2073,2
2073,1
208,0
208,0
208,0
2080,2
2080,2
2080,1
2080,1
2081,0
2081,0
2081,0
2081,0
2082,1
2082,1
2082,1
2082,1
2082,0
2082,0
2082,0
2082,0
2083,0
2083,0
2083,0
2083,0
2084,0
2084,0
2084,0
2085,0
2085,0
2085,1
2085,1
2086,1
2086,2
2086,1
2087,3
2089,2
2089,0
2089,0
2090,4
2090,2
2092,0
2092,1
2092,0
2092,1
2093,4
2093,3
2093,3
2093,3
2098,2
2098,2
2098,3
2098,1
2099,0
2099,0
2099,0
2099,0
210,0
210,0
210,0
2102,0
2102,0
2103,0
2103,0
2103,0
2103,0
2104,0
2104,0
2104,0
2106,1
2106,1
2106,1
2107,1
2107,1
2108,1
2108,1
2109,0
211,0
211,0
2110,3
2111,0
2111,0
2111,0
2111,1
2112,1
2112,1
2112,1
2112,1
2114,0
2114,1
2115,0
2115,1
2116,0
2116,0
2116,0
2116,0
2117,0
2117,0
2117,0
2118,2
2118,0
2118,1
2118,1
2119,0
2119,0
2119,0
212,0
212,0
212,0
2120,0
2120,0
2120,0
2120,0
2123,0
2123,0
2123,0
2129,0
2129,0
2129,0
213,0
213,1
2135,0
2135,0
2135,0
214,0
214,0
214,0
2142,0
2142,0
2142,0
215,0
215,0
215,0
2154,0
216,1
2160,0
2160,0
2163,0
2163,0
2166,0
2166,0
2166,0
2166,0
2168,0
2168,0
2174,0
2175,0
218,0
218,0
218,0
2182,0
2182,0
2183,0
2183,0
2184,0
2184,0
2190,0
2190,0
2190,0
2192,0
2192,0
2193,0
2198,0
2198,0
2198,0
220,0
220,1
2202,0
2202,0
2202,0
2202,0
2207,0
2208,0
221,0
221,0
221,0
2211,0
2211,0
2211,0
2211,0
2212,2
2212,2
2212,1
2216,0
2216,1
2218,0
2218,0
222,0
222,0
222,0
2223,0
2223,0
2223,0
2227,0
2227,0
2227,0
2227,0
2228,0
2228,0
2229,0
2229,0
2230,0
2230,0
2230,0
2230,0
2232,0
2232,0
2232,0
2235,0
2235,0
2235,0
2237,1
2241,0
2241,0
2241,0
2243,0
2243,0
2243,0
2245,0
2245,0
2245,0
2245,0
2246,0
2247,2
2247,2
2247,1
2248,0
2248,0
2248,0
225,0
225,2
225,2
225,0
2251,0
2259,0
2259,0
2259,0
2259,0
2262,0
2262,0
2264,0
227,1
227,1
2272,0
2272,0
2272,0
2272,0
228,0
2281,0
2283,0
2283,0
2283,0
2284,0
2284,0
2284,0
2286,0
2286,0
2286,0
2287,0
2287,0
2287,0
2287,0
230,0
230,0
230,0
230,0
230,0
230,0
230,0
230,1
2300,0
2300,0
2300,0
2300,0
2303,0
2303,0
2303,0
2306,0
2306,0
2306,0
2306,0
2319,0
2319,0
2319,0
2319,0
232,0
232,0
232,0
234,0
234,0
234,0
234,0
235,0
235,0
235,0
236,0
236,0
237,0
237,0
237,0
237,0
238,0
238,0
238,0
238,0
239,0
239,0
239,1
240,0
240,0
241,0
241,0
241,0
241,0
242,0
243,0
243,0
2430,0
2430,0
2430,0
2430,0
2434,0
2434,0
2434,0
2435,0
2435,0
2435,0
2435,0
2436,0
2436,0
2437,0
244,0
244,0
244,0
2440,0
2440,0
2440,0
2440,0
2441,0
2441,0
2441,0
2447,0
2447,0
2447,0
245,0
245,0
245,0
245,0
245,0
2452,0
2456,0
2456,0
2456,0
2456,0
2458,0
2458,0
2464,0
2464,0
2464,0
2464,0
2468,0
247,1
248,0
248,0
248,1
248,1
2484,0
2486,0
2488,0
2488,0
2488,0
2489,0
2489,0
2489,0
249,0
249,0
249,0
2498,0
2498,0
250,0
2500,0
2500,0
2502,0
2502,0
2502,0
2505,0
2505,0
2505,0
2506,2
2506,0
2506,1
2506,1
2508,0
2508,0
2508,0
2508,0
251,0
251,0
251,0
2512,3
2512,3
2512,3
2512,1
2513,0
2514,0
2514,0
2514,0
2514,0
2518,4
2518,3
2518,3
252,0
252,0
2520,0
2520,0
2520,0
2520,0
2521,1
2521,1
2521,1
2521,1
2524,2
2524,2
2524,2
2524,1
2524,1
2525,0
2526,2
2526,0
2526,1
2526,2
2527,0
2527,0
2528,2
2528,0
2528,1
2528,1
2530,0
2530,0
2531,0
2531,0
2531,0
2531,0
2531,0
2531,0
2531,0
2532,0
2532,1
2532,1
2532,1
2533,0
2533,1
2533,1
2533,1
2534,0
2535,0
2536,0
2536,0
2538,0
2538,0
2538,0
2539,0
2539,0
2541,0
2542,0
2542,1
2543,0
2543,0
2544,0
2544,0
2544,1
2545,0
2545,1
2545,2
2545,0
2546,4
2547,1
2547,2
2547,2
2549,0
2549,0
2550,0
2550,0
2551,0
2551,0
2551,2
2552,0
2552,0
2552,0
2552,0
2553,0
2553,0
2553,1
2553,1
2554,0
2554,0
2554,0
2554,0
2555,0
2555,0
2555,0
2555,0
2556,0
2556,0
2557,0
2557,1
2558,0
2558,0
2558,0
256,1
2561,0
2561,0
2561,0
2566,0
2566,0
2566,0
2569,0
2569,0
2569,0
2569,0
2580,0
2580,0
2580,0
2580,0
2581,0
2581,0
2581,0
2582,0
2582,0
2582,0
2583,0
2583,1
2583,1
2583,1
2585,0
2585,0
2585,0
2585,0
2587,0
2587,0
2587,0
2587,0
2593,0
2593,0
2593,0
2596,0
2596,0
2596,0
2596,0
261,0
261,0
261,0
261,0
261,0
2614,0
2614,0
2619,0
2619,0
2619,0
2631,0
2631,0
2631,0
2633,0
2633,0
2633,0
2633,0
264,0
265,0
265,0
265,0
265,0
266,0
266,0
266,0
267,0
267,0
267,0
267,0
2677,0
2677,0
2677,3
2678,0
2678,0
2684,0
2684,0
2689,0
2689,0
2689,0
2689,0
2689,0
2689,0
2689,0
2689,1
269,0
269,0
269,0
269,0
270,0
270,0
271,0
271,0
271,0
2713,0
2715,0
2715,0
2715,0
2715,0
2717,0
2717,0
2717,0
2717,0
272,0
272,0
272,0
272,0
2721,0
2726,0
2726,0
2726,0
273,0
273,0
273,0
2730,0
2730,0
2730,0
2730,0
2732,0
2732,0
2732,0
2733,0
2733,0
2733,0
2733,0
2738,0
2738,0
2738,0
2738,0
2752,2
2752,2
2752,0
2752,0
2756,0
2756,0
2756,0
2756,0
276,0
276,0
276,0
2761,0
2761,0
2761,0
2767,0
2767,0
2767,0
277,0
277,0
277,0
2774,0
2774,0
2774,1
2774,1
2776,0
2776,0
278,0
2781,0
2781,0
2784,0
2784,0
2784,0
2787,0
2787,0
2787,0
2787,0
279,0
279,0
279,0
2790,0
2790,0
2790,0
2790,0
280,0
280,0
280,0
2800,0
2800,0
2800,0
2800,0
2801,0
2801,0
2801,0
2801,0
2802,0
2802,0
2802,0
2802,0
281,0
281,0
281,0
281,0
282,0
282,0
284,0
284,0
285,0
285,0
285,0
285,0
286,0
286,0
286,0
286,0
287,0
287,0
288,0
288,0
288,0
2884,0
2884,0
2884,0
2886,0
2886,0
2886,0
2886,0
2890,0
2890,0
2890,0
2890,0
2895,0
2895,0
2895,0
2895,1
2896,0
2896,0
2896,0
2896,0
2897,2
2897,1
2897,2
2897,1
2898,0
2898,0
2898,0
2898,0
2899,2
2899,1
2899,1
2899,1
290,0
290,0
2900,0
2900,1
2901,4
2901,3
2902,0
2902,0
2902,1
2902,1
2903,1
2903,1
2903,1
2905,2
2905,2
2905,0
2905,4
2908,3
2908,3
2908,2
2908,2
291,0
291,0
2911,2
2911,3
2911,2
2911,1
2912,2
2917,0
2917,0
2918,0
2918,0
2918,0
2918,1
292,0
292,0
292,0
292,0
2920,1
2920,1
2920,1
2921,2
2921,3
2921,2
2924,4
2927,0
2927,0
2927,0
2927,0
2928,0
2928,0
293,0
293,0
2930,0
2930,0
2930,0
2932,0
2932,0
2932,0
2932,0
2932,1
2935,2
2937,0
2937,0
2937,1
2937,1
2939,4
2939,4
2939,2
2939,3
294,2
294,0
294,0
2941,4
2941,4
2941,4
2941,3
2943,2
2943,2
2943,1
2945,1
2945,1
2945,0
2945,1
2946,2
2946,2
2946,3
2946,3
2948,4
2948,4
2948,3
2948,1
2949,3
2949,3
2949,1
295,0
295,0
295,0
2950,0
2950,0
2950,3
2950,1
2951,2
2951,1
2951,1
2951,1
2952,0
2952,2
2952,0
2952,1
2954,0
2954,0
2954,0
2954,1
2955,0
2955,0
2957,0
2957,0
2957,0
2957,0
2959,0
2959,0
2959,0
2959,0
296,0
296,0
296,0
2964,0
2964,0
2964,0
2964,0
297,0
297,0
297,0
297,0
298,0
298,0
299,0
299,0
299,0
300,0
300,0
300,0
301,0
301,0
301,0
302,0
302,0
302,0
302,0
303,0
303,0
303,0
304,0
304,0
304,0
305,0
305,0
305,0
305,0
306,0
306,0
306,0
306,0
306,0
307,0
307,0
307,0
308,0
308,0
308,0
308,0
310,0
310,0
310,0
311,0
311,0
311,0
312,0
312,1
313,0
313,0
313,0
313,0
314,0
314,0
314,0
315,0
315,0
315,0
316,0
316,0
316,0
316,0
317,0
317,0
317,0
3172,0
3172,0
3172,0
3172,0
3177,0
3177,0
3178,0
3178,0
3178,0
3179,4
3179,2
3179,0
3179,1
318,0
318,0
318,0
318,0
3180,0
3180,0
3180,1
3180,1
3182,0
3182,0
3182,0
3182,0
3183,2
3183,2
3183,1
3183,1
3203,4
3203,4
3203,2
3204,0
3204,1
3204,1
3204,1
3209,4
3209,4
3209,4
3209,1
321,0
321,0
321,0
321,0
3211,4
3211,4
3211,1
3212,4
3212,4
3212,4
322,0
322,0
322,0
323,0
323,0
323,0
324,0
324,0
324,0
325,0
325,0
325,0
326,0
326,0
326,0
326,0
327,0
327,0
328,0
328,0
328,0
328,0
329,0
329,0
329,0
330,0
330,0
330,0
330,0
331,0
331,0
333,0
333,0
333,0
335,0
335,0
336,0
337,0
337,0
337,0
338,0
338,0
338,0
339,0
339,0
339,0
339,0
340,0
340,0
340,0
341,0
341,0
342,0
342,0
342,0
342,0
3421,1
3421,0
3421,0
3421,1
3423,0
3423,0
3424,0
3424,0
3424,0
3424,0
3426,0
3426,0
3426,0
3426,0
3428,0
343,0
343,0
343,0
3433,0
3433,0
3433,1
3434,0
3434,0
3436,1
3436,3
3436,0
3436,0
3437,0
3437,0
3438,0
3438,0
3438,0
3438,0
3439,0
3439,0
3439,0
3439,0
344,0
344,0
3441,0
3441,0
3441,0
3441,0
3445,0
3445,0
3445,0
3445,0
3447,0
3447,0
3447,0
3447,0
3448,0
3448,0
3448,0
3448,0
3449,0
3449,0
3451,0
3451,0
3451,0
3453,0
3453,0
3453,0
3454,0
3454,0
3454,0
3454,1
3457,0
3457,0
3457,0
3457,0
3458,0
3458,0
3458,0
3458,0
3460,0
3460,0
3467,0
3467,0
3467,0
3468,0
3468,0
347,0
347,0
3474,0
3474,0
3474,0
3474,0
3477,0
3477,0
3477,0
3477,0
3480,0
3480,0
3480,0
3480,0
3482,0
3482,0
3482,0
3483,0
3486,0
3486,0
3486,0
3488,0
3488,0
3488,0
3488,0
3493,0
3493,0
3493,0
3496,0
3496,0
3497,0
3497,0
3497,0
3497,0
3498,0
3498,0
3498,0
3498,0
3503,0
3503,0
3503,0
3503,0
351,0
351,1
351,1
351,1
3514,4
3514,4
3514,2
3515,0
3516,0
3516,0
3516,0
3519,2
3519,1
3519,0
3519,0
3520,3
3523,2
3523,3
3523,2
3523,2
3525,0
3525,0
3525,0
3527,0
3527,0
3527,0
3527,0
3530,0
3530,0
3530,0
3532,0
3532,0
3532,0
3532,0
3533,0
3533,0
3533,0
3536,0
3536,0
3536,0
3536,0
3539,0
3539,0
3539,0
3544,0
3544,0
3544,0
3544,0
3545,0
3545,0
3549,0
3549,1
3550,3
3550,4
3553,2
3553,1
3554,0
3554,1
3554,1
3556,0
3556,0
3556,0
3556,1
3557,4
3557,4
3559,0
3559,0
3559,1
356,2
3560,4
3561,4
3561,2
3562,2
3562,1
3562,2
3563,0
3563,0
3563,0
3563,0
3564,4
3564,0
3564,1
3564,1
3565,0
3565,0
3567,0
3567,0
3567,0
3567,0
3568,0
3568,0
3568,0
3569,0
3569,0
3569,0
3570,4
3570,1
3570,0
3571,0
3571,0
3571,0
3571,1
3574,0
3574,1
3575,0
3575,0
3575,0
3576,0
3576,1
3576,1
3577,1
3577,1
3578,0
3578,0
3578,0
3579,2
3579,0
3579,0
3579,1
3583,0
3583,0
3583,0
3583,0
3584,0
3584,0
3584,0
3584,0
3585,0
3587,0
3587,0
3587,1
3588,0
3588,0
3588,0
3588,1
359,1
3590,0
3590,0
3590,0
3591,0
3592,0
3592,0
3595,0
3595,0
3595,0
3595,1
3596,0
3596,0
3596,0
3600,0
3600,0
3600,0
3600,0
3601,0
3601,0
3601,0
3601,0
3602,0
3602,0
3602,0
3604,0
3604,0
3604,0
3606,0
3606,0
3606,0
3606,0
3607,0
3607,0
3607,0
3607,0
3608,0
3608,0
361,4
361,4
361,3
3613,0
3613,0
3613,0
3613,0
3616,0
3616,0
3618,0
3618,0
3618,0
3618,0
3619,0
3619,0
3619,0
3620,0
3620,0
3620,0
3620,0
3625,0
3625,0
3625,0
3627,0
3627,0
3627,0
3627,0
3630,0
3630,0
3630,0
3630,0
3631,0
3631,0
3631,0
3631,0
3633,0
3633,0
3634,0
3634,0
3634,0
3635,0
3635,0
3635,0
3637,0
3637,0
3637,0
3637,0
3639,0
3639,0
3639,0
3639,0
3641,0
3641,0
3641,0
3642,0
3642,0
3643,0
3643,0
3643,0
3643,0
3644,0
3644,0
3644,0
3644,0
3645,0
3645,0
3645,0
3645,0
3646,0
3646,0
3646,0
3646,0
3647,0
3647,0
3647,0
3648,0
3648,0
3648,0
3650,0
3650,0
3650,0
3653,0
3653,0
3656,0
3656,0
3656,0
3657,0
3657,0
3657,0
3660,0
3660,0
3660,0
3660,0
3661,0
3661,0
3661,0
3661,0
3662,0
3662,0
3662,0
3665,0
3665,0
3665,0
3667,0
3667,0
3667,0
3667,0
3669,0
3669,0
3669,0
3669,0
3670,0
3670,0
3670,0
3670,0
3671,0
3671,0
3671,0
3673,0
3673,0
3673,1
3675,0
3675,0
3675,0
3676,0
3676,0
3676,0
3678,0
3678,0
3678,0
3678,0
3679,3
3679,1
3679,1
3681,0
3681,0
3683,1
3683,1
3683,1
3683,1
3685,0
3685,0
3685,0
3691,0
3691,0
3691,0
3691,0
3695,0
3695,0
3695,0
3695,0
3697,0
3697,0
3697,0
3698,0
3698,0
3698,0
3699,0
3699,0
3700,4
3700,2
3703,0
3703,1
3703,0
3704,1
3704,1
3704,1
3705,0
3705,0
3705,0
3705,0
3706,0
3706,0
3706,0
3706,0
3710,3
3710,1
3710,1
3710,1
3711,0
3711,0
3711,0
3711,0
3712,0
3712,0
3712,0
3712,0
3715,0
3715,0
3715,3
3721,0
3721,0
3721,0
3722,4
3722,4
3722,2
3722,1
3724,0
3724,2
3724,0
3725,0
3725,0
3725,0
3727,0
3727,0
3727,0
3731,2
3731,0
3731,1
3735,2
3739,0
3739,0
3739,0
3739,0
3742,4
3742,0
3742,0
3742,0
3744,0
3744,0
3744,0
3744,0
3746,0
3746,0
3746,0
3748,1
3754,1
3754,1
3754,1
3754,1
3759,4
3759,3
3759,0
3759,1
3761,4
3762,1
3762,2
3762,1
3766,0
3766,0
3766,0
3766,0
3768,0
3768,0
3768,0
3768,0
3779,0
3779,0
3779,0
3786,4
3786,4
3787,4
3788,0
3788,0
3788,0
3789,3
3789,2
3789,1
3789,1
3796,0
3796,0
3796,0
3796,0
3797,2
3797,2
3799,0
3799,0
3799,1
3799,2
3806,0
3806,0
3806,0
3806,0
3806,0
3806,0
3813,0
3813,0
3813,0
3813,1
3814,0
3814,0
3814,0
3816,0
3816,0
3816,1
3829,0
3829,0
3830,0
3831,0
3831,0
3877,0
3877,0
3880,0
3880,0
3880,0
3882,0
3882,0
3882,0
3897,0
3897,0
3897,0
3897,0
3973,0
3973,0
3973,0
4172,0
4172,0
4172,0
4172,0
4177,4
4177,1
4177,0
4177,1
4177,0
4177,0
4177,0
4177,0
4179,0
4179,0
4181,0
4181,0
4183,0
4183,0
4183,0
4184,0
4184,0
4184,0
4184,0
4186,0
4186,0
4186,0
4192,0
4192,0
4204,0
4204,0
4204,0
4204,0
4211,0
4215,0
4218,0
4226,0
4226,0
4226,0
423,0
423,0
423,0
423,0
4231,2
4231,0
4231,0
4231,0
4236,0
4236,0
4241,0
4241,0
4241,0
4258,0
4258,0
4258,1
4269,0
427,0
427,0
427,0
4277,0
4279,0
4279,0
4279,0
4281,0
4283,0
4283,0
4283,0
4283,0
4284,0
4284,0
4287,0
4288,0
4288,0
4288,0
4289,0
4294,0
4302,0
4303,0
4303,0
4303,0
4305,0
4305,0
4305,0
4306,0
4306,0
4306,0
4310,0
4310,0
4310,0
4310,1
4310,0
4310,0
4310,0
4310,1
4311,3
4311,3
4313,4
4313,3
4313,1
4314,4
4314,4
4314,4
4314,3
4316,4
4318,4
4318,3
4319,4
4319,4
4319,4
4412,0
4412,0
4423,0
4425,0
4425,0
4430,0
4432,1
4437,0
4437,0
444,0
444,0
444,0
4448,0
447,0
447,0
447,0
447,0
449,3
449,2
449,1
4513,3
4513,3
4513,3
4516,4
4516,3
4516,3
4516,2
453,0
453,0
4534,0
4539,0
4539,0
4542,0
4542,0
4546,0
4546,0
455,3
4550,0
4550,0
4550,0
4551,0
4553,0
4553,0
4553,0
4555,0
4555,0
457,0
457,0
457,1
457,1
4570,0
4570,0
4571,0
4571,0
4572,0
4572,0
4576,2
4576,4
4579,2
4579,2
4586,1
4587,1
4587,1
4587,1
4587,1
4588,0
4588,0
4588,0
4597,0
4597,1
460,0
460,0
460,0
4602,0
4604,4
4604,4
4621,0
4629,3
4629,3
4629,3
4629,3
4632,0
4632,0
4632,0
4632,1
4635,1
4635,1
4655,2
4668,0
4677,0
4678,0
468,0
468,4
468,1
4700,1
4700,1
4704,0
473,0
473,0
473,1
4733,0
4733,0
4733,0
4736,0
4736,0
4745,4
4745,3
4745,1
476,3
4786,0
4793,0
4793,0
4793,0
4793,0
4794,0
4796,0
4796,0
4796,0
4796,1
4799,0
4799,0
4799,1
4799,1
4800,0
4800,0
4800,0
4801,0
4801,0
4801,1
4801,1
4804,0
4805,4
4805,2
4805,1
4805,1
482,0
482,0
482,0
482,0
4867,4
4867,4
4867,4
487,0
487,0
4883,0
4883,0
4883,0
4883,1
500,0
500,0
5010,4
5010,4
5022,4
5022,4
5022,3
5024,4
5024,4
5024,2
5025,4
5025,4
5025,4
5025,2
5033,0
5033,0
5033,0
5033,0
5040,0
5040,0
5040,0
5046,0
5046,0
5046,0
5046,0
505,0
505,0
505,0
5053,0
5053,0
5053,0
5053,0
5057,1
5057,1
5057,1
5057,1
5061,1
5061,1
5061,1
5062,0
5062,0
5071,0
5071,0
5071,0
5071,0
5071,0
5071,0
5074,0
5074,0
5074,0
5075,2
5075,2
5075,1
5075,2
5077,0
5077,0
5077,1
5077,1
5078,0
5081,0
5081,0
5081,0
5086,0
5112,0
5112,0
5112,0
5112,0
5117,0
5117,0
5117,1
5117,1
5121,0
5121,0
5121,0
5121,0
5128,0
5128,1
5128,1
5128,2
513,0
5133,0
5133,0
5133,0
5133,1
5136,0
5136,0
5136,0
5136,1
5137,0
5137,0
5137,0
5137,0
5141,0
5141,0
5141,0
5143,0
515,0
515,0
5156,2
5156,2
5156,0
5156,0
516,0
516,0
516,0
516,0
518,0
518,0
5180,0
5180,0
5180,0
5180,0
5180,0
5180,0
5180,0
5196,0
5196,0
5196,0
5196,0
520,0
520,0
520,0
520,0
5200,0
5200,0
5200,0
5203,0
5203,0
5205,0
5205,0
5205,0
5219,0
5219,0
5219,0
5219,0
522,0
522,0
522,0
522,0
5229,0
5229,0
5229,0
523,0
523,0
523,0
5230,0
5230,0
5230,0
5230,0
5233,0
5233,0
5233,1
5233,1
5243,4
5243,4
5243,4
5243,4
5247,4
5247,4
5249,4
5249,4
5249,2
525,0
525,0
525,0
5250,4
5250,4
5250,4
5250,3
5252,4
5252,4
5256,4
5256,4
5256,4
5256,4
526,0
526,0
526,0
526,0
5262,0
5262,0
5262,1
5262,1
5263,1
5263,1
5263,1
5265,2
5265,2
5265,1
5265,1
5266,2
5266,1
527,0
527,0
527,0
5271,2
5271,1
5271,2
5271,1
5279,0
5279,0
5279,0
5279,0
5281,0
5281,0
5281,0
5281,0
5285,0
5285,0
5285,0
5285,0
529,0
533,0
533,0
533,0
533,0
535,0
536,0
536,0
536,0
537,0
539,0
539,0
541,0
541,0
541,0
542,0
543,0
543,0
545,0
545,0
545,0
545,0
5453,0
5453,0
5453,0
5453,0
5455,0
5455,0
5455,1
5455,1
5456,0
5456,0
5456,0
5456,0
5458,0
5458,0
5460,0
5460,0
5460,0
5460,0
5463,0
5463,0
5463,0
5463,0
5466,0
5466,0
5466,0
5466,0
5468,0
5468,0
5468,0
5468,0
547,0
547,0
5472,0
5472,0
5477,0
5477,0
5477,0
5478,0
5478,0
5478,0
548,0
548,0
548,0
5480,0
5487,0
5487,0
549,0
549,0
5492,0
5492,0
5492,0
5492,0
5493,4
5493,0
5493,0
5493,0
5496,0
5496,0
5496,0
550,0
5503,0
5503,0
5503,0
5509,0
5509,0
5509,0
5509,0
551,0
551,0
5513,0
5513,0
5513,0
5513,0
5514,0
5514,0
5514,0
5514,0
5518,0
5518,0
5518,0
5518,0
5523,2
5523,2
5523,1
553,0
553,0
553,0
5530,2
5535,2
5535,2
5535,1
5536,0
5536,0
5538,3
5538,1
5538,1
5538,1
5541,4
5541,4
5541,1
5541,1
5542,0
5542,0
5542,0
5542,0
5543,0
5543,0
5543,0
5543,0
5547,0
555,0
555,0
555,0
555,0
5550,0
5550,0
5551,0
5551,0
5551,0
5554,0
5554,0
5554,0
5554,0
5556,0
5556,0
5556,0
5567,0
5567,0
5567,0
5567,0
5568,0
5568,0
5568,0
5571,2
5571,1
5571,1
5571,1
5575,0
5575,0
5575,0
5575,0
5577,0
5577,0
5577,0
5578,0
5578,0
558,0
558,0
558,0
558,0
5583,0
5583,0
5585,0
5585,0
5585,0
5585,0
5588,0
5588,0
5588,0
559,0
559,0
559,0
559,0
5592,0
5592,0
5593,0
5593,0
5593,0
5593,0
5596,0
5596,0
5596,0
5603,0
5603,0
5603,0
5606,0
5610,1
5610,1
5610,1
5610,1
565,2
565,2
565,2
5660,0
5660,0
5660,0
5660,0
5671,0
5671,0
5671,0
5672,0
5672,0
5672,0
5672,0
5684,0
5689,4
5689,0
5689,0
5689,0
569,2
569,4
569,2
569,2
5693,0
5693,0
5693,0
5693,0
57,0
57,0
57,0
57,0
57,0
57,0
57,0
57,0
570,1
570,1
570,1
570,1
5708,0
5708,0
5733,0
574,3
574,1
5740,0
5747,2
5747,0
5747,0
5747,1
5750,0
5750,0
5750,0
5750,0
5750,0
5750,0
576,4
576,4
576,3
5766,0
5778,0
5778,0
5778,0
5778,0
5779,0
5804,0
5804,0
5804,0
5806,0
5806,0
5806,0
581,3
581,2
5810,0
5810,0
5810,0
582,3
582,4
583,2
583,1
583,1
583,1
584,4
5851,0
5868,4
5868,4
5868,4
5868,4
5869,4
5869,4
5872,4
5872,4
588,4
5905,0
5905,0
5905,0
5907,4
5907,0
5907,0
5907,1
5908,0
5908,0
5908,0
5908,0
591,3
591,4
591,3
591,1
5915,0
5915,0
5915,0
5915,0
5924,0
5924,0
5924,0
5924,0
5929,0
5929,0
5929,0
5929,0
5932,0
5932,0
5932,0
5932,0
5933,0
5933,0
5933,0
5933,0
5936,0
5936,0
5936,0
5936,0
5936,0
5938,0
5938,0
5938,0
5938,0
594,4
594,4
594,4
596,2
5966,0
5966,0
5966,0
5966,0
5976,0
5976,0
5976,0
5976,0
598,2
598,3
598,3
598,1
5983,0
5983,0
5983,0
5993,0
5993,0
5993,0
5993,0
5994,0
5994,0
5994,0
5996,0
5996,0
5996,0
5997,0
5997,0
5997,0
5997,0
600,3
600,3
6000,0
6000,0
6000,0
6000,0
6005,0
6005,0
6005,0
6005,0
6010,0
6010,0
6010,0
6010,0
6015,0
6015,0
6015,1
6015,1
6016,0
6016,0
6016,0
6017,0
6017,0
6017,0
602,4
602,4
6021,0
6021,0
6021,0
6022,0
6022,0
6022,0
6022,0
6025,4
6025,0
6026,0
6026,0
6026,0
6026,0
603,4
604,1
604,1
604,2
604,2
6085,0
6085,0
6085,0
6085,0
609,2
609,3
6093,4
6093,4
6093,4
6093,1
6095,0
6095,0
6095,1
6097,0
6097,0
6097,0
6097,0
6098,0
6098,1
6098,1
6098,1
6099,0
6099,0
6099,0
6104,0
6104,0
6105,0
6105,0
6105,0
6105,0
6106,2
6106,0
6106,0
6106,0
6108,0
6108,1
6108,1
611,2
611,4
611,3
6114,0
6114,0
6114,0
6114,0
6119,4
6119,4
6119,0
6119,0
612,2
612,0
612,1
6121,0
6121,0
6121,1
6136,0
6136,0
6136,0
6136,0
614,3
6147,0
6147,0
6147,0
6147,0
6148,0
6148,0
6148,0
6148,0
615,0
615,1
6157,1
6157,1
6157,1
6158,0
6158,0
6158,0
6158,1
616,4
616,2
616,2
616,3
6160,0
6160,0
6160,0
6160,0
6164,0
6164,0
6164,0
6164,0
6168,0
6168,0
6168,0
6168,0
6170,0
6170,0
6170,0
6170,0
6171,0
6171,0
6171,0
6172,0
6172,0
6173,0
6173,0
6173,0
6173,0
6175,0
6175,1
6176,0
6176,0
6176,0
6176,0
6177,0
6177,0
6177,0
6177,0
618,2
618,3
618,2
618,2
6191,2
6191,2
6191,1
6191,1
6194,3
6194,1
6194,1
6196,2
6196,1
6196,0
6196,1
6197,0
6197,0
6197,0
6197,1
620,4
620,4
6203,0
6203,0
6203,0
6203,0
6205,0
6205,0
6205,0
6206,2
6206,0
6206,0
6217,2
6217,1
6217,1
6219,1
622,2
622,0
622,1
6228,0
6228,1
6228,1
6228,1
6231,0
6231,0
6231,1
6231,1
624,3
624,1
6241,0
6241,0
6241,0
6242,0
6242,0
6249,0
6249,0
6249,1
6249,1
6258,0
6258,0
6258,0
6258,0
6263,0
6263,0
6263,0
6263,1
627,4
6276,0
6276,0
6276,1
6276,1
6277,0
6277,0
6277,1
6277,0
628,4
6282,0
6282,0
6282,0
6282,1
6283,0
6283,1
6284,4
6284,0
6284,1
629,2
629,1
6297,0
6297,0
6297,0
6297,1
630,4
630,4
6303,4
6303,4
6306,3
6306,1
6307,4
6307,0
6307,2
6307,1
6312,0
6312,0
6312,0
6319,0
6319,0
6319,0
6319,1
632,2
632,2
632,3
632,1
6323,2
6323,0
6323,0
6323,0
633,1
633,4
633,4
6333,4
6333,1
6333,1
634,1
634,2
634,1
634,1
6349,0
6349,0
6349,0
6349,0
6350,0
6350,0
6350,0
6350,0
6350,0
6350,0
6355,0
6355,0
6355,0
6355,0
6359,0
6359,0
6359,0
6359,0
6359,0
6359,0
636,0
636,0
636,1
6370,0
6370,0
6370,1
6377,0
6377,0
6377,0
6377,0
6378,0
6378,0
6378,0
638,4
6382,0
6382,0
6382,0
6383,0
6383,0
6383,0
6383,0
6387,0
6387,0
6387,0
6387,0
6388,1
6388,0
6388,1
6388,1
6389,0
6389,0
6389,0
6389,1
639,0
639,0
639,0
639,1
640,2
640,3
640,1
6401,0
6401,0
6401,0
6403,0
6403,0
6403,0
6403,0
641,3
641,1
641,1
6413,0
6413,0
6413,0
6413,0
6414,0
6414,0
6414,0
6414,0
6419,0
6419,0
6419,0
6419,0
642,2
642,3
642,2
6422,0
6422,0
6422,0
6422,0
643,0
643,0
643,0
643,1
6438,0
6438,0
6438,0
644,4
6447,0
6447,0
6447,0
6447,0
6449,0
6449,0
6449,1
645,1
645,1
645,1
645,1
6453,0
6453,0
6453,0
6453,0
6455,0
6455,0
6455,0
6455,0
6456,2
6456,2
6456,2
6457,1
6457,0
6457,0
6457,0
646,1
646,1
646,0
646,1
6464,0
6464,0
6464,0
6472,0
6472,0
6472,0
6472,1
6473,2
6473,2
6473,1
6473,1
6474,0
6474,0
6474,0
6474,0
6475,3
6475,1
6478,1
648,1
648,1
6482,0
6482,0
6482,0
6482,1
6486,1
6486,1
6486,1
649,0
649,1
6491,0
6491,0
6491,1
6491,1
6495,0
6495,0
6495,0
6495,0
6497,0
6497,0
6497,0
6497,0
6499,0
6499,0
6499,0
6499,0
650,1
650,1
650,1
650,1
6502,0
6502,0
6502,0
6502,0
651,1
653,0
653,0
653,1
654,0
654,1
654,1
654,1
655,4
656,4
656,4
659,1
659,1
660,1
661,4
661,4
663,2
6637,0
6637,0
664,1
664,1
6640,0
6640,0
6640,0
6641,0
6641,0
6641,0
6645,0
6645,0
6645,0
6645,0
6646,0
6646,0
6646,0
6646,0
665,1
6652,0
6652,0
6652,0
6652,0
666,1
666,1
666,1
666,1
6661,0
6661,0
6661,0
6661,0
667,3
667,2
667,2
668,4
668,0
668,1
668,1
6682,0
6682,0
6682,0
669,1
669,4
669,4
669,2
669,3
6691,0
6691,0
6691,0
6693,0
6693,0
6693,0
6697,0
6697,0
6697,0
670,2
670,1
670,1
6703,0
6703,0
6705,4
6705,4
6707,0
6707,0
6707,0
6707,0
671,1
671,4
671,1
672,0
672,0
6721,4
6721,4
6721,4
6721,2
6722,4
6722,4
6722,2
6722,1
6723,1
6723,1
6723,1
6723,1
6725,4
6726,4
6726,1
6726,0
6736,4
6736,0
6736,0
6736,1
674,0
674,0
674,0
674,0
6741,1
6742,4
6742,2
6742,1
6742,2
6746,0
6746,0
6746,0
675,0
675,1
675,1
675,1
676,2
676,1
676,1
676,1
676,1
6780,0
6780,0
6780,0
6780,0
6781,0
6781,0
6781,1
6781,1
6782,0
6782,0
6782,1
6782,1
6783,0
6783,0
6783,1
6784,0
6784,0
6784,0
6784,0
6785,0
6785,0
6785,0
6785,1
6786,4
6786,4
6786,4
6786,4
6787,3
6787,2
6787,3
679,0
679,1
679,0
679,0
6791,4
6791,1
6793,4
6793,4
6793,1
6793,2
6794,4
6794,0
6794,0
6794,0
6795,0
6795,0
6795,0
6795,0
6796,0
6796,0
6796,0
6796,0
6798,1
6798,1
6798,4
680,0
680,0
680,0
6801,2
6801,3
6801,1
6801,1
6806,0
6806,0
6806,0
6807,0
6807,0
6807,0
6807,0
681,0
681,0
681,0
681,0
682,0
682,0
682,1
682,1
683,0
683,0
683,1
684,0
684,0
684,0
685,0
685,0
685,1
685,1
686,0
686,0
686,0
686,0
6866,0
6866,0
6866,0
6866,0
6867,0
6867,0
687,2
687,0
687,0
687,1
688,0
688,0
688,0
689,0
689,0
689,0
689,0
690,0
6916,0
6916,0
6916,0
6916,0
6921,0
6921,0
6921,0
6921,0
6926,0
6926,0
6926,0
6926,0
6928,0
6928,0
6928,0
693,0
6931,0
6931,0
6931,0
6931,0
6939,0
6939,0
694,0
694,1
6941,0
6941,0
6941,0
6941,0
6943,0
6943,0
6943,0
6945,0
6945,0
6945,0
6945,0
6947,0
6947,0
6947,0
6947,0
6951,0
6951,0
6951,0
6951,0
6955,0
6955,0
6955,0
6955,0
6956,0
6956,0
6956,0
6956,0
696,1
696,1
697,0
697,0
697,0
698,0
698,0
698,0
698,1
6985,0
6985,0
6985,0
6985,0
6993,0
6993,0
6993,0
6993,0
6996,0
6996,0
6996,0
6996,0
6997,0
6997,0
6997,0
6997,0
700,0
7001,0
7001,0
7001,0
7001,0
701,4
701,0
701,0
702,0
702,0
702,0
702,0
702,1
702,0
702,1
704,2
704,3
704,3
7046,4
7046,0
7046,0
7046,0
7047,2
7047,2
7047,2
7047,1
706,1
706,1
706,1
706,2
707,4
708,3
708,3
709,1
711,1
711,1
712,0
712,0
712,0
712,0
713,2
713,2
713,2
713,1
714,3
714,0
714,0
714,0
714,0
714,0
715,0
715,0
716,1
716,1
716,1
716,1
717,1
717,0
717,0
717,1
720,0
720,1
720,1
720,0
722,0
722,0
722,1
7220,1
7220,1
7220,1
7220,1
7223,2
7223,4
7223,1
7224,0
7224,0
7224,0
7226,0
7226,0
7227,0
7227,0
7227,4
7228,0
7228,0
7228,0
7228,0
7229,0
7229,0
7229,0
7229,0
723,0
723,1
723,1
723,1
7230,0
7230,0
7230,0
7233,4
7233,4
7233,4
7233,1
7234,0
7234,1
7234,0
7234,1
7235,4
7235,0
7235,0
7235,0
7236,2
7236,2
7236,2
7236,1
724,1
724,0
724,0
725,2
725,0
725,1
725,2
728,0
728,0
728,0
728,0
7285,0
7285,0
7285,0
7285,0
729,0
729,0
729,0
7295,0
7295,0
7295,0
7295,0
730,0
730,0
730,0
7300,0
7300,0
7300,0
7300,0
7307,0
7307,0
7307,0
7307,0
7311,0
7311,0
7311,0
7312,0
7312,0
7312,0
7312,0
7315,0
7315,0
7315,0
7315,0
7318,0
7318,0
7318,0
7318,0
732,0
732,0
732,0
732,0
7324,0
7324,0
7324,0
7324,0
7354,0
7354,0
7354,0
7354,0
7355,0
7355,0
7355,0
7355,0
7356,0
7356,0
7356,0
7356,0
7357,2
7357,0
7357,0
7357,1
7358,4
7358,0
7358,1
7358,0
7359,3
7359,1
7359,1
7359,1
736,0
736,0
736,0
736,0
7360,4
7360,2
7360,0
7360,0
7361,0
7361,0
7361,0
7361,0
7363,0
7363,0
7363,1
7363,1
7364,0
7364,0
7364,0
7364,0
7365,1
7365,0
7365,0
7365,1
7366,4
7366,4
7366,4
7366,1
7367,2
7367,1
7367,1
7367,1
7367,1
7369,0
7369,0
7369,0
7369,0
737,0
737,0
737,0
7371,4
7371,4
7371,4
7371,3
7372,4
7372,0
7372,0
7372,0
7378,0
7378,0
7378,1
7378,1
7379,2
7379,0
7379,0
7379,1
7382,3
7382,3
7382,3
7382,3
7385,4
7385,4
7385,1
7385,1
7387,0
7387,0
7387,1
7387,1
7389,2
7389,1
7389,0
7389,1
7390,4
7390,0
7390,2
7390,3
7398,4
7398,2
7398,2
7398,0
7399,3
7399,1
7399,4
7399,1
7400,4
7400,2
7400,1
7400,4
7402,0
7402,0
7402,0
7402,0
7403,4
7403,4
7403,4
7403,4
7406,1
7406,1
7406,1
7406,1
7407,4
7407,2
7407,3
7407,3
7410,4
7410,2
7410,4
7410,3
7411,0
7411,0
7411,0
7411,0
7412,0
7412,3
7412,0
7412,0
742,0
7425,0
7425,0
7425,0
7425,0
7426,0
7426,0
7426,0
7426,0
7427,0
7427,0
7427,0
7427,0
7427,0
7427,0
743,0
743,0
743,0
743,1
746,0
746,0
746,0
746,0
747,1
747,1
747,1
747,1
75,2
75,1
75,1
751,0
751,0
751,0
751,0
753,4
753,4
760,0
760,1
760,1
762,4
762,2
762,2
762,2
763,0
763,0
772,4
772,3
773,1
776,4
776,4
776,4
777,0
777,1
777,0
777,1
779,0
779,1
781,2
781,1
783,0
783,0
783,0
783,0
792,0
792,0
792,0
792,0
804,4
804,4
805,0
805,1
805,0
806,2
806,2
806,1
806,1
812,4
812,3
812,3
822,0
822,0
822,0
822,0
823,0
823,0
823,1
823,0
824,0
824,0
825,0
825,0
825,0
928,0
928,0
928,0
928,0
929,0
929,0
929,0
929,0
930,0
930,0
930,0
930,0
931,0
931,0
931,0
933,0
933,0
933,0
933,0
936,0
936,0
936,0
936,0
938,0
938,0
938,0
939,0
939,0
939,0
939,0
941,3
941,3
941,1
941,1
942,0
942,0
942,0
944,0
944,0
944,0
944,0
945,2
945,1
945,1
946,0
946,0
946,0
947,0
947,0
948,0
948,0
948,0
948,0
949,0
949,0
949,0
950,0
950,0
950,0
950,0
980,0
980,0
980,0
980,0
980,0
981,0
981,0
981,0
981,0
983,0
983,0
983,0
983,0
Eflinder_1,0
Eflinder_1,0
Eflinder_1,1
Eflinder_1,1
Ealb_1,2
Ealb_1,0
Ealb_1,0
Ealb_1,1
Egillii_1,0
Egillii_1,0
Egillii_1,0
Elargif_1,0
Elargif_1,0
Elargif_1,0
Elargif_1,0
Ahisp_1,0
Capa_1,0
Capa_1,0
Capa_1,0
Cgummi_1,0
Cgummi_1,0
Cgummi_1,0
Ctesse_1,0
Ctesse_1,0
Ctesse_1,0
Ctesse_1,0
Ctesse_1,0
Ctore_1,2
Ecool_1,0
Ecool_1,0
Ecool_1,0
Eery_1,0
Eery_1,0
Eery_1,0
Eformform_1,0
Eformform_1,0
Efrench_1,0
Efrench_1,0
Efrench_1,0
Egom_1,1
Egom_1,2
Eleuco_1,0
Eleuco_1,0
Eleuco_1,0
Elock_1,0
Elock_1,1
Elock_1,0
Elock_1,1
Erobxter_1,1
Esubunew_1,0
Esubunew_1,0
Estel_1,1
Eyilgar_1,0
Eyilgar_1,0
Eyilgar_1,0
21163,4
21163,4
21163,0
21163,0
567,0
567,0
567,0
567,0
60,0
60,0
60,0
60,0
7,0
8,0
8,0
Egamo_1,0
Eglom_1,0
Emanne_1,0
Eoxym_1,0
Eperc_1,0
Eperc_1,0
Eperc_1,0
Eperc_1,0
Epetiol_1,0
Epetiol_1,0
Epetiol_1,2
Epolyb_1,0
Epolyb_1,0
Epolyb_1,0
Epolyb_1,0
Epopbim_1,0
Epopbim_1,0
Epopbim_1,0
Epopbim_1,0
Esocia_1,0
Esocia_1,0
Esocia_1,0
93,0
93,0
93,0
3616,4
Evict_1,0
