tree_CCAUniqueIDs,tree_UniqueIDs
CCA2552,2552
CCA2551,2551
CCA6258,6258
CCA3204,3204
Ahisp_1,Ahisp_1
CCA6746,6746
CCA2103,2103
CCA3206,3206
CCA2082,2082
CCA6796,6796
CCA2073,2073
CCA632,632
CCA1752,1752
CCA2092,2092
CCA1259,1259
CCA721,721
CCA1246,1246
CCA702,702
CCA4215,4215
CCA2461,2461
CCA687,687
CCA2505,2505
CCA1302,1302
CCA1277,1277
CCA2542,2542
CCA711,711
CCA688,688
CCA700,700
CCA2547,2547
CCA2528,2528
CCA1262,1262
CCA1278,1278
CCA2752,2752
CCA7230,7230
CCA4218,4218
CCA2457,2457
CCA4204,4204
CCA2471,2471
CCA5733,5733
CCA537,537
CCA1290,1290
CCA2507,2507
CCA2513,2513
CCA1318,1318
CCA2434,2434
CCA1196,1196
CCA4175,4175
CCA2449,2449
CCA2120,2120
CCA1306,1306
CCA2437,2437
CCA1198,1198
CCA1939,1939
CCA2479,2479
CCA1907,1907
CCA1928,1928
CCA2463,2463
CCA4192,4192
CCA1335,1335
CCA1922,1922
CCA1932,1932
CCA1912,1912
CCA1343,1343
CCA2476,2476
CCA2511,2511
CCA2464,2464
CCA708,708
CCA1303,1303
CCA2543,2543
CCA1228,1228
CCA5128,5128
CCA2110,2110
CCA714,714
CCA2084,2084
CCA684,684
CCA5523,5523
CCA3761,3761
CCA1138,1138
CCA6707,6707
CCA3421,3421
CCA1160,1160
CCA229,229
CCA1147,1147
CCA7227,7227
CCA5076,5076
CCA2213,2213
CCA2541,2541
CCA5141,5141
CCA2534,2534
CCA2502,2502
CCA2484,2484
CCA4288,4288
CCA4264,4264
CCA2695,2695
CCA4260,4260
CCA1190,1190
CCA2550,2550
CCA4197,4197
CCA1902,1902
CCA5806,5806
CCA4207,4207
CCA2474,2474
CCA2488,2488
CCA2530,2530
CCA5851,5851
CCA1940,1940
CCA2535,2535
CCA2504,2504
CCA2527,2527
CCA1185,1185
CCA2497,2497
CCA5112,5112
CCA701,701
CCA1208,1208
CCA1708,1708
CCA1210,1210
CCA2439,2439
CCA5750,5750
CCA4267,4267
CCA542,542
CCA2470,2470
CCA1906,1906
CCA1900,1900
CCA2443,2443
CCA1336,1336
CCA2466,2466
CCA5858,5858
CCA1929,1929
CCA1905,1905
CCA1915,1915
CCA2515,2515
CCA1319,1319
CCA1923,1923
CCA2108,2108
CCA1917,1917
CCA1918,1918
CCA1320,1320
CCA4228,4228
CCA4216,4216
CCA1926,1926
CCA4224,4224
CCA1903,1903
CCA2483,2483
CCA5143,5143
CCA2509,2509
CCA6455,6455
CCA2938,2938
CCA665,665
CCA1282,1282
CCA4303,4303
CCA519,519
CCA5086,5086
CCA1175,1175
CCA270,270
CCA2726,2726
CCA293,293
CCA5570,5570
CCA5081,5081
CCA265,265
CCA7228,7228
CCA275,275
CCA3516,3516
CCA1162,1162
CCA4269,4269
CCA2678,2678
CCA1199,1199
CCA3557,3557
CCA154,154
CCA1092,1092
CCA252,252
CCA3533,3533
CCA1170,1170
CCA1176,1176
CCA7229,7229
CCA5079,5079
CCA279,279
CCA5740,5740
CCA2207,2207
CCA6475,6475
CCA6473,6473
CCA693,693
CCA696,696
CCA3520,3520
CCA3521,3521
CCA259,259
CCA5530,5530
CCA4621,4621
CCA1143,1143
CCA5075,5075
CCA3763,3763
CCA247,247
CCA6705,6705
CCA1137,1137
CCA4604,4604
CCA176,176
CCA3547,3547
CCA246,246
CCA1151,1151
CCA4655,4655
CCA1144,1144
CCA7220,7220
CCA1133,1133
CCA7223,7223
CCA1140,1140
CCA1141,1141
CCA3978,3978
CCA3757,3757
CCA3753,3753
CCA1878,1878
CCA1669,1669
CCA1674,1674
CCA1811,1811
CCA1991,1991
CCA792,792
CCA3735,3735
CCA224,224
CCA2247,2247
CCA256,256
CCA5541,5541
CCA3507,3507
CCA263,263
CCA4586,4586
CCA1637,1637
CCA133,133
CCA663,663
CCA3560,3560
CCA4576,4576
CCA175,175
CCA6703,6703
CCA223,223
CCA225,225
CCA1623,1623
CCA231,231
CCA3762,3762
CCA217,217
CCA5492,5492
CCA3710,3710
CCA179,179
CCA1635,1635
CCA1126,1126
CCA2912,2912
CCA2934,2934
CCA2525,2525
CCA2115,2115
CCA1263,1263
CCA664,664
CCA2925,2925
CCA1236,1236
CCA2114,2114
CCA715,715
CCA704,704
CCA6447,6447
CCA6491,6491
CCA2935,2935
CCA1299,1299
CCA6456,6456
CCA2087,2087
CCA6723,6723
CCA1987,1987
CCA1982,1982
CCA1984,1984
CCA7399,7399
CCA1964,1964
CCA6742,6742
CCA4316,4316
CCA1973,1973
CCA467,467
CCA6721,6721
CCA1976,1976
CCA6104,6104
CCA1588,1588
CCA6801,6801
CCA2109,2109
CCA1243,1243
CCA1300,1300
CCA812,812
CCA781,781
CCA725,725
CCA7357,7357
CCA718,718
CCA2900,2900
CCA6093,6093
CCA3786,3786
CCA358,358
CCA3787,3787
CCA455,455
CCA357,357
CCA7426,7426
CCA2584,2584
CCA719,719
CCA574,574
CCA6791,6791
CCA613,613
CCA7358,7358
CCA2914,2914
CCA771,771
CCA6303,6303
CCA2904,2904
CCA1737,1737
CCA1753,1753
CCA615,615
CCA3802,3802
CCA2905,2905
CCA1732,1732
CCA7234,7234
CCA815,815
CCA1749,1749
CCA1744,1744
CCA7233,7233
CCA6867,6867
CCA4748,4748
CCA2873,2873
CCA6119,6119
CCA361,361
CCA7367,7367
CCA597,597
CCA7369,7369
CCA590,590
CCA6783,6783
CCA2901,2901
CCA4880,4880
CCA1742,1742
CCA6283,6283
CCA7354,7354
CCA476,476
CCA7047,7047
CCA353,353
CCA7371,7371
CCA3800,3800
CCA589,589
CCA7385,7385
CCA3801,3801
CCA578,578
CCA2070,2070
CCA4521,4521
CCA2953,2953
CCA1771,1771
CCA655,655
CCA1959,1959
CCA602,602
CCA575,575
CCA7366,7366
CCA601,601
CCA595,595
CCA7356,7356
CCA3210,3210
CCA628,628
CCA7359,7359
CCA623,623
CCA620,620
CCA5869,5869
CCA1758,1758
CCA5868,5868
CCA2915,2915
CCA626,626
CCA7400,7400
CCA1971,1971
CCA573,573
CCA596,596
CCA5252,5252
CCA3208,3208
CCA607,607
CCA1751,1751
CCA592,592
CCA594,594
CCA1233,1233
CCA5243,5243
CCA5250,5250
CCA5247,5247
CCA2095,2095
CCA5256,5256
CCA5249,5249
CCA603,603
CCA7382,7382
CCA582,582
CCA1756,1756
CCA593,593
CCA1760,1760
CCA6099,6099
CCA572,572
Eobliq_1,Eobliq_1
CCA1974,1974
CCA804,804
CCA1769,1769
CCA737,737
CCA779,779
CCA7361,7361
CCA614,614
CCA7360,7360
CCA629,629
CCA6794,6794
CCA2077,2077
CCA773,773
CCA5266,5266
CCA5265,5265
CCA1235,1235
CCA2118,2118
CCA624,624
CCA6284,6284
CCA5872,5872
CCA2916,2916
CCA1225,1225
CCA6795,6795
CCA763,763
CCA772,772
CCA617,617
CCA5262,5262
CCA640,640
CCA622,622
CCA660,660
CCA2929,2929
CCA2928,2928
CCA1754,1754
CCA2546,2546
CCA1248,1248
CCA670,670
CCA6197,6197
CCA659,659
CCA709,709
CCA662,662
CCA5010,5010
CCA5025,5025
CCA2097,2097
CCA673,673
CCA2090,2090
CCA661,661
CCA676,676
CCA654,654
CCA2917,2917
CCA649,649
CCA644,644
CCA2093,2093
CCA2943,2943
CCA1249,1249
CCA6793,6793
CCA2910,2910
CCA621,621
CCA611,611
CCA7363,7363
CCA610,610
CCA627,627
CCA4632,4632
CCA1139,1139
CCA1238,1238
CCA178,178
CCA3506,3506
CCA219,219
CCA2272,2272
CCA2072,2072
CCA1307,1307
CCA4287,4287
CCA4294,4294
CCA543,543
CCA6349,6349
CCA6015,6015
CCA180,180
CCA5487,5487
CCA5514,5514
CCA1704,1704
CCA5536,5536
CCA4635,4635
CCA5535,5535
CCA3551,3551
CCA3550,3550
CCA3514,3514
CCA255,255
CCA1660,1660
CCA5196,5196
CCA1354,1354
CCA1352,1352
CCA6637,6637
CCA1203,1203
CCA5779,5779
CCA4266,4266
CCA1197,1197
CCA535,535
CCA1530,1530
CCA7,7
CCA7300,7300
CCA6928,6928
CCA6921,6921
CCA5600,5600
CCA1562,1562
CCA335,335
CCA6939,6939
CCA518,518
CCA1508,1508
CCA1535,1535
CCA4542,4542
CCA5938,5938
CCA523,523
CCA3428,3428
CCA261,261
CCA250,250
CCA3549,3549
CCA2212,2212
CCA1892,1892
CCA1156,1156
CCA282,282
CCA3771,3771
CCA264,264
CCA7318,7318
CCA1561,1561
CCA5603,5603
CCA5456,5456
CCA303,303
CCA3681,3681
CCA7312,7312
CCA5607,5607
CCA5606,5606
CCA2774,2774
CCA2776,2776
CCA336,336
CCA298,298
CCA5583,5583
CCA8,8
CCA291,291
CCA276,276
CCA7315,7315
CCA5588,5588
CCA297,297
CCA306,306
CCA5610,5610
CCA5455,5455
CCA304,304
CCA6682,6682
CCA5612,5612
CCA3683,3683
CCA3679,3679
CCA308,308
CCA6026,6026
CCA5550,5550
CCA3813,3813
CCA5542,5542
CCA2721,2721
CCA280,280
CCA4704,4704
CCA4289,4289
CCA4284,4284
CCA2732,2732
CCA274,274
CCA4629,4629
CCA1142,1142
CCA6177,6177
CCA1269,1269
CCA75,75
CCA4440,4440
CCA3700,3700
CCA1153,1153
CCA227,227
CCA200,200
CCA216,216
CCA169,169
CCA3673,3673
CCA3671,3671
CCA4441,4441
CCA5074,5074
CCA294,294
CCA4793,4793
CCA3477,3477
CCA3488,3488
CCA3482,3482
CCA2223,2223
CCA2218,2218
CCA288,288
CCA3539,3539
CCA277,277
CCA2190,2190
CCA536,536
CCA3525,3525
CCA273,273
CCA3460,3460
CCA2230,2230
CCA3768,3768
CCA2183,2183
CCA2182,2182
CCA1661,1661
CCA1563,1563
CCA161,161
CCA5996,5996
CCA2264,2264
CCA150,150
CCA3719,3719
CCA237,237
CCA147,147
CCA2202,2202
CCA1182,1182
CCA1171,1171
CCA6941,6941
CCA4448,4448
CCA548,548
CCA2306,2306
CCA341,341
CCA2784,2784
CCA347,347
CCA3602,3602
CCA118,118
CCA2262,2262
CCA149,149
CCA2284,2284
CCA2283,2283
CCA2241,2241
CCA2168,2168
CCA2166,2166
CCA136,136
CCA1890,1890
CCA1888,1888
CCA1149,1149
CCA4555,4555
CCA3618,3618
CCA3441,3441
CCA1874,1874
CCA1855,1855
CCA1853,1853
CCA315,315
CCA218,218
CCA1851,1851
CCA1838,1838
CCA1817,1817
CCA1087,1087
CCA5466,5466
CCA6956,6956
CCA3639,3639
CCA2787,2787
CCA2303,2303
CCA513,513
CCA3584,3584
CCA165,165
CCA6382,6382
CCA1101,1101
CCA164,164
CCA6359,6359
CCA1090,1090
CCA172,172
CCA2619,2619
CCA1502,1502
CCA2633,2633
CCA112,112
CCA2886,2886
CCA2884,2884
CCA2319,2319
CCA1393,1393
CCA516,516
CCA3600,3600
CCA2259,2259
CCA1642,1642
CCA2251,2251
CCA1123,1123
CCA2596,2596
CCA2561,2561
CCA2135,2135
CCA2123,2123
CCA1408,1408
CCA931,931
CCA555,555
CCA500,500
Egillii1,Egillii1
CCA2959,2959
CCA1715,1715
CCA2879,2879
CCA2593,2593
CCA1946,1946
CCA928,928
CCA2323,2323
CCA113,113
CCA3172,3172
CCA2955,2955
CCA2890,2890
CCA1804,1804
CCA2539,2539
CCA2538,2538
CCA2430,2430
CCA2198,2198
CCA2142,2142
CCA6000,6000
CCA2129,2129
CCA950,950
CCA2160,2160
CCA2184,2184
CCA2163,2163
CCA1569,1569
CCA1542,1542
CCA1518,1518
CCA2614,2614
CCA1500,1500
CCA3665,3665
CCA1828,1828
CCA1104,1104
CCA1881,1881
CCA2287,2287
CCA1870,1870
CCA1847,1847
CCA190,190
CCA2154,2154
CCA115,115
CCA1808,1808
CCA1078,1078
CCA1813,1813
CCA168,168
CCA248,248
CCA5547,5547
CCA5078,5078
CCA3515,3515
CCA3587,3587
CCA3568,3568
CCA2244,2244
CCA3564,3564
CCA5496,5496
CCA198,198
CCA3580,3580
CCA3579,3579
CCA4579,4579
CCA4570,4570
CCA4605,4605
CCA177,177
CCA220,220
CCA3759,3759
CCA3754,3754
CCA1626,1626
CCA3433,3433
CCA1113,1113
CCA2237,2237
CCA3725,3725
CCA5040,5040
CCA243,243
CCA1844,1844
CCA141,141
CCA4553,4553
CCA3897,3897
CCA3567,3567
CCA3744,3744
CCA1629,1629
CCA205,205
CCA3712,3712
CCA1118,1118
CCA148,148
CCA3882,3882
CCA3493,3493
CCA3457,3457
CCA6383,6383
CCA3662,3662
CCA4660,4660
CCA3670,3670
CCA319,319
CCA5033,5033
CCA3486,3486
CCA6945,6945
CCA1392,1392
CCA1079,1079
CCA505,505
CCA4736,4736
CCA6807,6807
CCA447,447
CCA3691,3691
CCA3426,3426
CCA1081,1081
CCA5993,5993
CCA3613,3613
CCA1091,1091
CCA5518,5518
CCA5503,5503
CCA3742,3742
CCA3436,3436
CCA6951,6951
CCA2790,2790
CCA2730,2730
CCA527,527
CCA7311,7311
CCA6985,6985
CCA3643,3643
CCA2756,2756
CCA1169,1169
CCA6691,6691
CCA5513,5513
CCA4546,4546
CCA3877,3877
CCA2227,2227
CCA5578,5578
CCA3530,3530
CCA4539,4539
CCA5671,5671
CCA5554,5554
CCA5460,5460
CCA6955,6955
CCA6697,6697
CCA5071,5071
CCA3630,3630
CCA2713,2713
CCA292,292
CCA244,244
CCA4803,4803
CCA1127,1127
CCA5992,5992
CCA3453,3453
CCA195,195
CCA3575,3575
CCA1089,1089
CCA162,162
CCA6350,6350
CCA1613,1613
CCA3447,3447
CCA230,230
CCA285,285
CCA3699,3699
CCA3437,3437
CCA2214,2214
CCA6931,6931
CCA522,522
CCA5693,5693
CCA1567,1567
CCA5684,5684
CCA5672,5672
CCA1152,1152
CCA7324,7324
CCA1161,1161
CCA5567,5567
CCA3532,3532
CCA1177,1177
CCA241,241
CCA2722,2722
CCA533,533
CCA2192,2192
CCA300,300
CCA5478,5478
CCA3724,3724
CCA1109,1109
CCA4223,4223
CCA19791,19791
CCA19790,19790
CCA21163,21163
CCA19492,19492
CCA7236,7236
CCA819,819
CCA69,69
CCA1253,1253
CCA612,612
CCA1271,1271
CCA1131,1131
CCA5538,5538
CCA1146,1146
CCA6641,6641
CCA1938,1938
CCA2456,2456
CCA6652,6652
CCA6403,6403
CCA2482,2482
CCA1933,1933
CCA13400,13400
CCA1350,1350
CCA12966,12966
CCA1296,1296
CCA1911,1911
CCA4211,4211
CCA2475,2475
CCA1910,1910
CCA1931,1931
CCA2112,2112
CCA1232,1232
CCA636,636
CCA671,671
CCA2447,2447
CCA6306,6306
CCA2911,2911
CCA2908,2908
CCA600,600
CCA6191,6191
CCA2100,2100
CCA6203,6203
CCA630,630
CCA6449,6449
CCA1301,1301
CCA6205,6205
CCA638,638
CCA1304,1304
CCA6438,6438
CCA2518,2518
CCA2524,2524
CCA1237,1237
CCA1762,1762
CCA642,642
CCA6206,6206
CCA2921,2921
CCA2924,2924
CCA705,705
CCA2512,2512
CCA1316,1316
CCA668,668
CCA604,604
CCA1314,1314
CCA5747,5747
CCA4258,4258
CCA4231,4231
CCA2489,2489
CCA6389,6389
CCA6136,6136
CCA5279,5279
CCA5233,5233
CCA5156,5156
CCA4733,4733
CCA823,823
CCA5571,5571
CCA5077,5077
CCA4177,4177
CCA3523,3523
CCA2555,2555
CCA1206,1206
CCA2553,2553
CCA1369,1369
CCA751,751
CCA6499,6499
CCA730,730
CCA6401,6401
CCA4184,4184
CCA6482,6482
CCA6168,6168
CCA2932,2932
CCA1261,1261
CCA682,682
CCA6497,6497
CCA1284,1284
Eflinder_1,Eflinder_1
CCA6387,6387
CCA5230,5230
CCA11239,11239
CCA6241,6241
CCA2085,2085
CCA13661,13661
CCA13398,13398
CCA713,713
CCA1272,1272
CCA1736,1736
CCA2937,2937
CCA720,720
CCA6175,6175
CCA1254,1254
CCA667,667
CCA707,707
CCA1241,1241
CCA6173,6173
CCA6806,6806
CCA6464,6464
CCA6148,6148
CCA1255,1255
CCA675,675
CCA3796,3796
CCA722,722
CCA2689,2689
CCA1703,1703
CCA1209,1209
CCA7365,7365
CCA1224,1224
CCA6419,6419
CCA1323,1323
CCA5144,5144
CCA1309,1309
CCA6164,6164
CCA6160,6160
CCA6502,6502
CCA2964,2964
CCA6147,6147
CCA728,728
CCA6242,6242
CCA6171,6171
CCA724,724
CCA723,723
CCA716,716
CCA6478,6478
CCA6486,6486
CCA2107,2107
CCA7398,7398
CCA1977,1977
CCA1970,1970
CCA1962,1962
CCA7406,7406
CCA1980,1980
CCA2089,2089
CCA650,650
CCA669,669
CCA3209,3209
CCA1763,1763
CCA641,641
CCA6645,6645
CCA1934,1934
CCA539,539
CCA2498,2498
CCA1332,1332
CCA6457,6457
CCA1239,1239
CCA3797,3797
CCA2067,2067
CCA6307,6307
CCA1739,1739
CCA7411,7411
CCA1983,1983
CCA618,618
CCA633,633
CCA6219,6219
CCA5024,5024
CCA6782,6782
CCA6333,6333
CCA576,576
CCA616,616
CCA762,762
CCA1775,1775
CCA1745,1745
CCA2950,2950
CCA760,760
CCA5271,5271
CCA570,570
CCA1368,1368
CCA1257,1257
CCA6231,6231
CCA6157,6157
CCA648,648
CCA1735,1735
CCA1764,1764
CCA6722,6722
CCA1986,1986
CCA1726,1726
CCA3212,3212
CCA468,468
CCA7412,7412
CCA1989,1989
CCA1979,1979
CCA6726,6726
CCA1985,1985
CCA4314,4314
CCA4311,4311
CCA1720,1720
CCA1772,1772
CCA1728,1728
CCA2068,2068
CCA598,598
CCA6312,6312
CCA6263,6263
CCA1227,1227
CCA1326,1326
CCA1722,1722
CCA2951,2951
CCA583,583
CCA3789,3789
CCA449,449
CCA2952,2952
CCA6388,6388
CCA565,565
CCA653,653
CCA6282,6282
CCA2071,2071
CCA3799,3799
CCA2066,2066
CCA581,581
CCA609,609
CCA7364,7364
CCA656,656
CCA1765,1765
CCA1731,1731
CCA1725,1725
CCA1730,1730
CCA1729,1729
CCA1743,1743
CCA7372,7372
CCA588,588
CCA569,569
CCA6277,6277
CCA3211,3211
CCA6323,6323
CCA1226,1226
CCA4513,4513
CCA1967,1967
CCA1965,1965
CCA1988,1988
CCA2946,2946
CCA591,591
CCA1222,1222
CCA7427,7427
CCA359,359
CCA1746,1746
CCA6781,6781
CCA6276,6276
CCA770,770
CCA1975,1975
CCA584,584
CCA1755,1755
CCA4883,4883
CCA2069,2069
CCA7403,7403
CCA2577,2577
CCA7046,7046
CCA776,776
CCA1773,1773
CCA1774,1774
CCA1768,1768
CCA7402,7402
CCA1972,1972
CCA6196,6196
CCA672,672
CCA7355,7355
CCA759,759
CCA6228,6228
CCA2948,2948
CCA1367,1367
CCA753,753
CCA647,647
CCA6194,6194
CCA651,651
CCA6249,6249
CCA4700,4700
CCA1750,1750
CCA1757,1757
CCA2949,2949
CCA6095,6095
CCA6098,6098
CCA6787,6787
CCA4745,4745
CCA356,356
CCA1767,1767
CCA6798,6798
CCA3203,3203
CCA7379,7379
CCA586,586
Evimvim_1,Evimvim_1
CCA6158,6158
CCA1724,1724
CCA7235,7235
CCA1740,1740
CCA7425,7425
CCA1969,1969
CCA6108,6108
CCA5907,5907
CCA941,941
CCA7410,7410
CCA1981,1981
CCA7407,7407
CCA1963,1963
CCA4946,4946
CCA7389,7389
CCA1990,1990
CCA5022,5022
CCA2941,2941
CCA1363,1363
CCA579,579
CCA6736,6736
CCA4867,4867
CCA7387,7387
CCA577,577
CCA1766,1766
CCA6217,6217
CCA657,657
CCA4516,4516
CCA1747,1747
CCA6741,6741
CCA6725,6725
CCA1741,1741
CCA1717,1717
CCA805,805
CCA6121,6121
CCA6114,6114
CCA4318,4318
CCA1594,1594
CCA355,355
CCA4313,4313
CCA4319,4319
CCA1800,1800
CCA6319,6319
CCA6297,6297
CCA1223,1223
CCA2939,2939
CCA5708,5708
CCA2208,2208
CCA4281,4281
CCA4279,4279
CCA4277,4277
CCA4283,4283
CCA545,545
CCA5778,5778
CCA5766,5766
CCA1191,1191
CCA5463,5463
CCA3766,3766
CCA2761,2761
CCA339,339
CCA3536,3536
CCA1154,1154
CCA1941,1941
CCA1194,1194
CCA2684,2684
CCA427,427
CCA1189,1189
CCA4241,4241
CCA5568,5568
CCA2436,2436
CCA1178,1178
CCA1267,1267
CCA694,694
CCA689,689
CCA1187,1187
CCA1183,1183
CCA541,541
CCA1245,1245
CCA825,825
Ealb_1,Ealb_1
CCA3180,3180
CCA942,942
CCA1242,1242
CCA685,685
CCA2081,2081
CCA2544,2544
CCA666,666
CCA2927,2927
CCA680,680
CCA2531,2531
CCA1294,1294
CCA5133,5133
CCA2532,2532
CCA2514,2514
CCA1317,1317
CCA6495,6495
CCA6453,6453
CCA6170,6170
CCA2930,2930
CCA2102,2102
CCA746,746
CCA2104,2104
CCA2545,2545
CCA2549,2549
CCA2117,2117
CCA683,683
CCA1260,1260
CCA2111,2111
CCA706,706
CCA1264,1264
CCA1738,1738
CCA6785,6785
CCA2899,2899
CCA742,742
CCA6106,6106
CCA457,457
CCA6085,6085
CCA1716,1716
CCA1334,1334
CCA1315,1315
CCA4186,4186
CCA2957,2957
CCA1355,1355
CCA1297,1297
CCA2116,2116
CCA1308,1308
CCA1353,1353
CCA1339,1339
CCA5136,5136
CCA1305,1305
CCA6472,6472
CCA6661,6661
CCA2677,2677
CCA2554,2554
CCA2435,2435
CCA423,423
CCA2945,2945
CCA1252,1252
CCA1281,1281
CCA2500,2500
CCA2452,2452
CCA1276,1276
CCA743,743
CCA747,747
CCA698,698
CCA1279,1279
CCA1275,1275
CCA2106,2106
CCA1293,1293
CCA6176,6176
CCA729,729
CCA5929,5929
CCA5281,5281
CCA1691,1691
CCA2083,2083
CCA2080,2080
CCA2920,2920
CCA4226,4226
CCA4203,4203
CCA2440,2440
CCA1329,1329
CCA2526,2526
CCA2520,2520
CCA1916,1916
CCA1289,1289
CCA1322,1322
CCA686,686
CCA1761,1761
CCA645,645
CCA2506,2506
CCA712,712
CCA2556,2556
CCA4172,4172
CCA980,980
CCA2119,2119
CCA6474,6474
CCA674,674
CCA5263,5263
CCA1338,1338
CCA2458,2458
CCA5812,5812
CCA1920,1920
CCA1908,1908
CCA6640,6640
CCA4220,4220
CCA1936,1936
CCA1291,1291
CCA6422,6422
CCA1313,1313
CCA1919,1919
CCA5810,5810
CCA5804,5804
CCA2468,2468
CCA2486,2486
CCA6646,6646
CCA1930,1930
CCA5137,5137
CCA2533,2533
CCA646,646
CCA6414,6414
CCA5117,5117
CCA2508,2508
CCA1292,1292
CCA5205,5205
CCA5203,5203
CCA4183,4183
CCA1330,1330
CCA1285,1285
CCA690,690
CCA5121,5121
CCA1298,1298
CCA2898,2898
CCA1676,1676
CCA681,681
CCA4179,4179
CCA1207,1207
CCA1202,1202
CCA1364,1364
CCA6916,6916
CCA2895,2895
CCA1220,1220
CCA6866,6866
CCA1590,1590
CCA679,679
CCA2954,2954
CCA736,736
CCA2580,2580
CCA936,936
CCA822,822
CCA1683,1683
CCA2569,2569
CCA1053,1053
CCA3182,3182
CCA2583,2583
CCA453,453
CCA1219,1219
CCA777,777
CCA2902,2902
CCA1733,1733
CCA1958,1958
CCA2581,2581
CCA2897,2897
CCA2566,2566
CCA1798,1798
CCA351,351
CCA4310,4310
CCA473,473
CCA2585,2585
CCA3788,3788
CCA460,460
CCA6105,6105
CCA6784,6784
CCA1727,1727
CCA717,717
CCA2086,2086
CCA697,697
CCA639,639
CCA2903,2903
CCA2918,2918
CCA643,643
CCA634,634
CCA945,945
CCA946,946
CCA5933,5933
CCA57,57
CCA482,482
CCA6097,6097
CCA7378,7378
CCA1734,1734
CCA5915,5915
CCA5285,5285
CCA3183,3183
CCA2065,2065
CCA783,783
CCA5932,5932
CCA1689,1689
CCA487,487
CCA1506,1506
CCA5924,5924
CCA4423,4423
CCA3439,3439
CCA929,929
CCA824,824
CCA5229,5229
CCA2558,2558
CCA981,981
CCA93,93
CCA983,983
CCA3642,3642
CCA128,128
CCA3880,3880
CCA3619,3619
CCA116,116
CCA2801,2801
CCA2245,2245
CCA553,553
CCA5966,5966
CCA1072,1072
CCA4669,4669
CCA3178,3178
CCA5477,5477
CCA3644,3644
CCA947,947
CCA191,191
CCA7295,7295
CCA333,333
CCA3711,3711
CCA3608,3608
CCA3604,3604
CCA3660,3660
CCA2286,2286
CCA135,135
CCA3480,3480
CCA3657,3657
CCA3653,3653
CCA551,551
CCA3898,3898
CCA3634,3634
CCA122,122
CCA4626,4626
CCA249,249
CCA5592,5592
CCA1548,1548
CCA5180,5180
CCA1550,1550
CCA1188,1188
CCA525,525
CCA1520,1520
CCA1405,1405
CCA137,137
CCA3656,3656
CCA158,158
CCA6017,6017
CCA3588,3588
CCA1106,1106
CCA944,944
CCA938,938
CCA933,933
CCA559,559
CCA3830,3830
CCA3667,3667
CCA3474,3474
CCA3625,3625
CCA3620,3620
CCA2795,2795
CCA5453,5453
CCA302,302
CCA5585,5585
CCA5596,5596
CCA321,321
CCA316,316
CCA1603,1603
CCA326,326
CCA3669,3669
CCA3468,3468
CCA3449,3449
CCA3424,3424
CCA242,242
CCA1173,1173
CCA2235,2235
CCA266,266
CCA325,325
CCA323,323
CCA3483,3483
CCA305,305
CCA2767,2767
CCA1897,1897
CCA6943,6943
CCA2232,2232
CCA1076,1076
CCA3527,3527
CCA269,269
CCA1116,1116
CCA286,286
CCA132,132
CCA2896,2896
CCA732,732
CCA949,949
CCA4794,4794
CCA4786,4786
CCA4558,4558
CCA3829,3829
CCA3177,3177
CCA1112,1112
CCA6693,6693
CCA2281,2281
CCA6926,6926
CCA1566,1566
CCA6021,6021
CCA1861,1861
CCA3645,3645
CCA444,444
CCA79,79
CCA1119,1119
CCA1099,1099
CCA155,155
CCA3676,3676
CCA322,322
CCA5507,5507
CCA3713,3713
CCA1105,1105
CCA3616,3616
CCA3592,3592
CCA153,153
CCA5908,5908
CCA3179,3179
CCA806,806
CCA4551,4551
CCA1826,1826
CCA3633,3633
CCA549,549
CCA6377,6377
CCA160,160
CCA6025,6025
CCA5509,5509
CCA203,203
CCA181,181
CCA4571,4571
CCA3731,3731
CCA4572,4572
CCA4796,4796
CCA4602,4602
CCA4550,4550
CCA3698,3698
CCA2802,2802
CCA1117,1117
CCA6005,6005
CCA1638,1638
CCA1129,1129
CCA1108,1108
CCA930,930
CCA152,152
CCA3973,3973
CCA3816,3816
CCA5905,5905
CCA939,939
CCA3554,3554
CCA3746,3746
CCA5983,5983
CCA3706,3706
CCA1136,1136
CCA4801,4801
CCA2800,2800
CCA2587,2587
CCA1074,1074
CCA103,103
CCA60,60
CCA550,550
CCA4437,4437
CCA1110,1110
CCA199,199
CCA143,143
CCA6355,6355
CCA3650,3650
CCA3635,3635
CCA120,120
CCA4306,4306
CCA330,330
CCA6996,6996
CCA131,131
CCA4305,4305
CCA3637,3637
CCA515,515
CCA3627,3627
CCA3601,3601
CCA3445,3445
CCA2733,2733
CCA5997,5997
CCA558,558
CCA1107,1107
CCA5575,5575
CCA5577,5577
CCA6016,6016
CCA156,156
CCA2738,2738
CCA110,110
CCA526,526
CCA121,121
CCA6010,6010
CCA1094,1094
CCA3451,3451
CCA290,290
CCA3497,3497
CCA278,278
CCA301,301
CCA5458,5458
CCA4677,4677
CCA3448,3448
CCA2300,2300
CCA340,340
CCA3595,3595
CCA157,157
CCA2175,2175
CCA129,129
CCA4430,4430
CCA1887,1887
CCA6378,6378
CCA1132,1132
CCA312,312
CCA1148,1148
CCA314,314
CCA4678,4678
CCA327,327
CCA3578,3578
CCA1121,1121
CCA4611,4611
CCA4588,4588
CCA4585,4585
CCA4805,4805
CCA3570,3570
CCA6370,6370
CCA1639,1639
CCA5061,5061
CCA5057,5057
CCA3569,3569
CCA212,212
CCA4608,4608
CCA4597,4597
CCA4587,4587
CCA3748,3748
CCA173,173
CCA2246,2246
CCA5053,5053
CCA144,144
CCA2248,2248
CCA1122,1122
CCA204,204
CCA5468,5468
CCA7001,7001
CCA328,328
CCA5472,5472
CCA3596,3596
CCA1120,1120
CCA4435,4435
CCA3583,3583
CCA1128,1128
CCA197,197
CCA4425,4425
CCA3814,3814
CCA3721,3721
CCA311,311
CCA4412,4412
CCA5551,5551
CCA2229,2229
CCA6022,6022
CCA3695,3695
CCA2236,2236
CCA4668,4668
CCA317,317
CCA3697,3697
CCA5543,5543
CCA3544,3544
CCA1168,1168
CCA271,271
CCA238,238
CCA3590,3590
CCA2228,2228
CCA310,310
CCA5976,5976
CCA5994,5994
CCA5046,5046
CCA345,345
CCA188,188
CCA1114,1114
CCA186,186
CCA4421,4421
CCA234,234
CCA3806,3806
CCA3435,3435
CCA2715,2715
CCA2631,2631
CCA7307,7307
CCA1391,1391
CCA2099,2099
CCA299,299
CCA3715,3715
CCA187,187
CCA140,140
CCA329,329
CCA2536,2536
CCA3563,3563
CCA207,207
CCA201,201
CCA1883,1883
CCA1621,1621
CCA5480,5480
CCA3678,3678
CCA3675,3675
CCA192,192
CCA3577,3577
CCA4432,4432
CCA3704,3704
CCA3561,3561
CCA1130,1130
CCA222,222
CCA233,233
CCA3562,3562
CCA240,240
CCA206,206
CCA167,167
CCA163,163
CCA208,208
CCA3591,3591
CCA184,184
CCA4800,4800
CCA3574,3574
CCA182,182
CCA3565,3565
CCA3556,3556
CCA1095,1095
CCA170,170
CCA3571,3571
CCA3585,3585
CCA2243,2243
CCA214,214
CCA194,194
CCA3503,3503
CCA3438,3438
CCA3423,3423
CCA272,272
CCA4589,4589
CCA5493,5493
CCA3705,3705
CCA215,215
CCA1184,1184
CCA4302,4302
CCA547,547
CCA2521,2521
CCA4804,4804
CCA228,228
CCA3685,3685
CCA245,245
CCA3458,3458
CCA287,287
CCA3559,3559
CCA3454,3454
CCA130,130
CCA5062,5062
CCA232,232
CCA202,202
CCA520,520
CCA5593,5593
CCA2211,2211
CCA1165,1165
CCA239,239
CCA139,139
CCA313,313
CCA267,267
CCA1150,1150
CCA3498,3498
CCA1534,1534
CCA5936,5936
CCA529,529
CCA5200,5200
CCA3646,3646
CCA344,344
CCA7224,7224
CCA123,123
CCA3641,3641
CCA126,126
CCA1164,1164
CCA281,281
CCA284,284
CCA6993,6993
CCA337,337
CCA338,338
CCA159,159
CCA3831,3831
CCA3496,3496
CCA2717,2717
CCA342,342
CCA3606,3606
CCA1102,1102
CCA3607,3607
CCA117,117
CCA1554,1554
CCA1540,1540
CCA3631,3631
CCA127,127
CCA5660,5660
CCA2174,2174
CCA332,332
CCA3647,3647
CCA552,552
CCA146,146
CCA2781,2781
CCA134,134
CCA3739,3739
CCA3467,3467
CCA145,145
CCA318,318
CCA221,221
CCA210,210
CCA3727,3727
CCA1662,1662
CCA251,251
CCA125,125
CCA185,185
CCA1111,1111
CCA1636,1636
CCA3434,3434
CCA295,295
CCA5556,5556
CCA2216,2216
CCA296,296
CCA3661,3661
CCA124,124
CCA7285,7285
CCA343,343
CCA3779,3779
CCA193,193
CCA211,211
CCA213,213
CCA2193,2193
CCA196,196
CCA324,324
CCA236,236
CCA235,235
