Drought2020Scale.mean,AICorrected,AP,height_max_m,tiplabel,CCAtiplabel
0,0.2488,540,15,2552,CCA2552
0.666666667,0.266,561,30,2551,CCA2551
0,0.782,1245,8,6258,CCA6258
0.75,0.5311,857,20,3204,CCA3204
0,0.8738,1333,8,6746,CCA6746
0,0.3621,671,25,2103,CCA2103
1,0.713,1078,25,2082,CCA2082
0,1.0841,1757,30,6796,CCA6796
1.666666667,0.613,946,30,2073,CCA2073
2,0.5615,900,20,632,CCA632
0.5,0.8007,1307,25,2092,CCA2092
0.5,0.5581,946,25,1259,CCA1259
0,0.5983,1024,50,1246,CCA1246
0.6666667,0.3071,641,50,702,CCA702
0.75,0.3314,642,20,687,CCA687
0,0.3544,789,20,2505,CCA2505
0.75,0.7268,1297,15,1302,CCA1302
1,0.2882,637,15,1277,CCA1277
0.5,0.2769,612,15,2542,CCA2542
1,0.3524,650,25,711,CCA711
0,0.3314,642,20,688,CCA688
1.666666667,0.317,655,15,2547,CCA2547
1,0.3392,719,15,2528,CCA2528
1,0.2802,607,18,1278,CCA1278
1,0.0715,219,15,2752,CCA2752
0,0.0863,263,10,7230,CCA7230
0,0.4217,977,20,4204,CCA4204
0,0.1046,299,15,2434,CCA2434
0,0.1668,405,18,2120,CCA2120
0,0.8128,1465,15,1306,CCA1306
0,0.2,599,6,1939,CCA1939
0,0.3359,860,12,1928,CCA1928
0,0.2204,609,15,4192,CCA4192
0,0.5514,1290,20,2464,CCA2464
3,0.3584,642,35,708,CCA708
0,0.7189,1291,12,1303,CCA1303
0,0.4389,900,12,2543,CCA2543
1,0.8191,1564,15,5128,CCA5128
1.5,0.557,1029,15,714,CCA714
0,0.3824,656,15,2084,CCA2084
0,0.3159,620,15,684,CCA684
1.666667,0.5504,794,10,5523,CCA5523
0,0.3112,474,40,6707,CCA6707
0.5,0.3367,662,40,3421,CCA3421
2.75,0.2506,555,40,1160,CCA1160
2.666666667,0.4581,842,15,1147,CCA1147
0,0.2694,581,5,7227,CCA7227
0,0.2307,558,15,5141,CCA5141
0,0.3542,804,12,2502,CCA2502
0,0.0825,252,10,4288,CCA4288
0,0.1311,390,8,1190,CCA1190
0,0.2767,578,15,2550,CCA2550
0,0.2744,715,20,4197,CCA4197
0,0.4458,1087,8,5806,CCA5806
0,0.3835,935,17,2488,CCA2488
0,0.3285,708,20,2527,CCA2527
0,0.4268,845,15,5112,CCA5112
0,0.3111,652,25,701,CCA701
1.5,0.1125,322,10,1208,CCA1208
0,0.1135,329,6,5750,CCA5750
1,0.9055,1573,7,2108,CCA2108
0,0.3233,671,40,6455,CCA6455
0,0.0838,256,16,4303,CCA4303
0,0.1119,287,6,1175,CCA1175
0,0.2072,476,6,270,CCA270
0,0.0925,238,6,2726,CCA2726
0,0.1631,374,6,293,CCA293
0,0.1527,357,8,5570,CCA5570
0,0.1463,345,8,5081,CCA5081
0,0.2336,530,8,265,CCA265
0,0.1539,363,7,7228,CCA7228
0,0.2328,534,2.5,3516,CCA3516
0,0.2128,486,2.5,1162,CCA1162
0,0.0755,230,8,2678,CCA2678
4,0.2987,488,5,3557,CCA3557
0.5,0.1916,358,5,154,CCA154
0,0.2455,441,4,1092,CCA1092
0,0.2675,592,4,252,CCA252
0,0.1499,351,5,3533,CCA3533
0,0.1302,318,5,1170,CCA1170
0,0.1119,288,3,1176,CCA1176
0,0.1083,286,8,7229,CCA7229
0,0.1341,335,6,279,CCA279
2,0.3332,645,5,6475,CCA6475
1.5,0.3251,647,5,6473,CCA6473
1,0.3395,670,55,696,CCA696
1.75,0.2523,565,5,5075,CCA5075
4,0.2695,419,20,6705,CCA6705
2.5,0.5402,785,20,1137,CCA1137
4,0.1702,322,7,4604,CCA4604
1,0.5225,906,35,7220,CCA7220
2.75,0.3361,538,10,1133,CCA1133
2.333333,0.8294,1176,65,7223,CCA7223
2.333333333,0.6931,1007,25,1141,CCA1141
2,0.0485,128,6,1878,CCA1878
1,0.7317,1020,6,1669,CCA1669
1.25,0.6794,1145,4,1674,CCA1674
0,0.1349,270,4,1811,CCA1811
0.333333333,0.6592,830,6,1991,CCA1991
0,0.3266,525,6,792,CCA792
1.5,0.0343,85,3,2247,CCA2247
2.5,0.2389,479,4,5541,CCA5541
1.5,0.4127,702,8,1637,CCA1637
0,0.1546,310,4,133,CCA133
3.5,0.4162,708,4,175,CCA175
0,0.2792,457,4,6703,CCA6703
1,0.5078,749,3,225,CCA225
1.333333333,0.295,513,2.5,3762,CCA3762
0,0.1662,275,1,5492,CCA5492
1.5,0.3315,573,1,3710,CCA3710
0,0.3155,555,1,179,CCA179
0,0.289,490,7,1635,CCA1635
0.5,0.3058,612,20,2115,CCA2115
1.5,0.3548,682,20,1263,CCA1263
1,0.6569,1106,15,664,CCA664
2,0.604,999,25,1236,CCA1236
0.5,0.3344,665,15,2114,CCA2114
0,0.557,1029,18,715,CCA715
2.666667,0.3586,646,45,704,CCA704
0,0.6523,1251,45,6447,CCA6447
0.5,0.4324,790,20,6491,CCA6491
2,0.689,1418,45,1299,CCA1299
2,0.3525,637,45,6456,CCA6456
2.25,2.7804,2778,40,7399,CCA7399
2.25,1.908,2091,7,6742,CCA6742
3.5,0.559,708,25,6721,CCA6721
4,0.6985,817,25,1976,CCA1976
0,0.413,637,10,6104,CCA6104
0.5,0.2086,387,10,1588,CCA1588
1.75,1.202,1777,30,6801,CCA6801
1.666666667,0.7566,1243,30,1243,CCA1243
1,1.0589,2075,30,1300,CCA1300
3.333333,0.532,785,15,812,CCA812
1.5,0.5734,849,15,781,CCA781
1.25,0.3628,693,15,725,CCA725
0.75,0.9825,1309,20,7357,CCA7357
0.5,0.5898,808,25,2900,CCA2900
3.25,0.8577,1073,20,6093,CCA6093
4,0.9494,1156,20,3786,CCA3786
0,0.7291,969,5,7426,CCA7426
2,1.2416,1498,15,574,CCA574
2.5,0.7629,1132,5,6791,CCA6791
1.25,0.7835,1159,8,7358,CCA7358
4,0.6737,888,12,6303,CCA6303
2.5,0.5604,799,30,1737,CCA1737
4,0.6908,968,40,1753,CCA1753
0.5,0.7525,1128,10,615,CCA615
2,0.7892,1143,40,2905,CCA2905
1.5,0.4626,665,40,1732,CCA1732
0.5,0.9041,1088,40,7234,CCA7234
1.25,0.1575,519,35,1749,CCA1749
3.25,0.9318,1116,8,7233,CCA7233
0,0.2756,460,20,6867,CCA6867
2,0.5926,801,20,6119,CCA6119
3.666666667,0.3293,519,20,361,CCA361
1.2,0.7078,907,12,7367,CCA7367
0,0.5117,662,12,7369,CCA7369
0.3333333,0.4509,656,40,6783,CCA6783
3.5,0.5846,816,40,2901,CCA2901
0,0.6538,871,30,7354,CCA7354
1.75,1.0266,1232,30,7047,CCA7047
3.75,1.8504,1852,7,7371,CCA7371
2.5,1.473,1559,10,7385,CCA7385
4,0.6017,792,40,602,CCA602
3.25,0.8349,975,40,7366,CCA7366
0,0.8908,1198,40,7356,CCA7356
1.5,0.7835,1159,7,7359,CCA7359
4,0.8921,1335,7,620,CCA620
4,1.0041,1343,30,5869,CCA5869
4,0.7403,1049,2,5868,CCA5868
2.75,2.0221,1980,50,7400,CCA7400
4,0.971,1318,7,5252,CCA5252
1.75,0.6982,917,6,1751,CCA1751
4,1.0029,1136,7,594,CCA594
4,0.7287,1093,3,1233,CCA1233
4,0.909,1196,7,5256,CCA5256
3.333333333,0.4861,702,7,5249,CCA5249
3,0.9504,1098,15,7382,CCA7382
2.5,0.595,799,4,1756,CCA1756
0,0.7074,912,20,6099,CCA6099
4,0.3683,582,90,804,CCA804
1,0.19,252,4,1769,CCA1769
0,0.4147,700,35,737,CCA737
0.5,0.5336,782,13,779,CCA779
0,0.7525,1128,20,7361,CCA7361
1.5,0.7835,1159,20,7360,CCA7360
1.5,0.7916,1164,20,629,CCA629
1,0.8784,1337,10,6794,CCA6794
1.5,0.604,929,40,5266,CCA5266
1.5,0.534,836,40,5265,CCA5265
1.75,0.7252,1097,25,1235,CCA1235
1,0.3585,657,30,2118,CCA2118
2,0.971,1318,7,624,CCA624
1.666667,0.821,1063,35,6284,CCA6284
4,0.9803,1288,35,5872,CCA5872
0,0.7802,1243,12,6795,CCA6795
0,0.5427,805,15,763,CCA763
3.5,0.6362,910,6,772,CCA772
0.5,0.4994,809,25,5262,CCA5262
2,0.8219,1304,25,640,CCA640
0.5,0.7942,1205,40,622,CCA622
0,0.6759,997,15,2928,CCA2928
1.333333,0.5953,900,45,670,CCA670
0.25,0.5653,859,12,6197,CCA6197
1,0.6148,937,30,659,CCA659
4,0.009,26,6,5010,CCA5010
3.5,0.1073,268,6,5025,CCA5025
3,1.0459,1347,6,2090,CCA2090
4,0.7027,1023,30,661,CCA661
1.333333,0.4798,788,20,676,CCA676
1,0.5132,783,20,654,CCA654
0,0.5473,852,20,2917,CCA2917
0.5,0.5787,862,40,649,CCA649
3.25,0.7942,1297,30,2093,CCA2093
1.666666667,0.6325,913,35,2943,CCA2943
2.75,0.835,1268,7,6793,CCA6793
3,0.7879,1099,30,611,CCA611
0.5,0.7602,1019,20,7363,CCA7363
0.25,0.7886,1148,40,4632,CCA4632
2.6,0.8687,1391,60,1238,CCA1238
3.75,0.4169,716,5,178,CCA178
0,0.1521,298,18,2272,CCA2272
0.25,0.6674,1009,15,2072,CCA2072
0.333333333,0.6006,1114,14,1307,CCA1307
0,0.2187,389,4,6349,CCA6349
0.5,0.2681,486,4,6015,CCA6015
0,0.2502,469,4,180,CCA180
0,0.337,583,5,5487,CCA5487
0,0.2962,502,5,5514,CCA5514
0,0.08,241,4,1704,CCA1704
0,0.4548,857,20,5536,CCA5536
1,0.6229,913,20,4635,CCA4635
1.666667,0.5301,922,12,5535,CCA5535
3.5,0.4938,879,12,3550,CCA3550
3.333333333,0.4372,920,10,3514,CCA3514
0,0.149,334,5,1660,CCA1660
0,0.1409,365,5,5196,CCA5196
0,0.1216,327,5,1354,CCA1354
0,0.1104,306,5,1352,CCA1352
0,0.1119,350,5,6637,CCA6637
0,0.0959,243,4,7300,CCA7300
0,0.1126,269,4,6928,CCA6928
0,0.1243,290,4,6921,CCA6921
0,0.1118,268,4,335,CCA335
0,0.0987,241,4,6939,CCA6939
0,0.1003,240,4,518,CCA518
0,0.0646,187,5,1508,CCA1508
0,0.0683,198,10,1535,CCA1535
0,0.1415,292,10,4542,CCA4542
0,0.1069,251,10,5938,CCA5938
0,0.101,245,10,523,CCA523
0,0.2338,537,3,261,CCA261
0.5,0.5722,1077,3,3549,CCA3549
1.666666667,0.2094,472,3,2212,CCA2212
0.5,0.2546,501,3,1892,CCA1892
2,0.2171,472,3,1156,CCA1156
0,0.1706,395,3,282,CCA282
0,0.1213,300,15,7318,CCA7318
1,0.1213,300,15,1561,CCA1561
0,0.1132,272,15,5603,CCA5603
0,0.1345,309,15,5456,CCA5456
0,0.1279,293,15,303,CCA303
0,0.1479,336,15,3681,CCA3681
0,0.1092,279,5,7312,CCA7312
0.5,0.1081,263,5,2774,CCA2774
0,0.0962,256,5,2776,CCA2776
0,0.1342,312,7,298,CCA298
0,0.0028,8,5,8,CCA8
0,0.1399,331,5,291,CCA291
0,0.1322,326,5,276,CCA276
0,0.1066,276,7,7315,CCA7315
0,0.1308,323,4,5588,CCA5588
0,0.1366,326,4,297,CCA297
0,0.1429,304,5,306,CCA306
1,0.1137,269,15,5610,CCA5610
0.5,0.1394,317,15,5455,CCA5455
0,0.1279,293,15,304,CCA304
0,0.152,335,10,6682,CCA6682
1,0.1471,317,10,3683,CCA3683
1.666666667,0.1651,349,10,3679,CCA3679
0,0.1568,330,10,308,CCA308
0,0.1736,345,10,6026,CCA6026
0,0.1669,378,10,5550,CCA5550
0.25,0.1724,349,10,3813,CCA3813
0,0.2374,475,10,5542,CCA5542
0,0.1365,335,7,280,CCA280
0,0.0864,264,5,4284,CCA4284
0,0.0928,236,5,2732,CCA2732
3,0.7864,1229,80,4629,CCA4629
0,0.3888,699,12,6177,CCA6177
0,0.3097,618,12,1269,CCA1269
1.333333,0.241,459,10,75,CCA75
3,0.217,471,10,3700,CCA3700
3.25,0.2265,115,10,1153,CCA1153
1,0.3471,547,10,227,CCA227
0.333333333,0.174,330,15,3673,CCA3673
0,0.2014,384,15,3671,CCA3671
0,0.2009,454,15,5074,CCA5074
1,0.1496,339,15,294,CCA294
0,0.1515,344,10,4793,CCA4793
0,0.1259,280,10,3477,CCA3477
0,0.1412,327,12,3488,CCA3488
0,0.1168,275,12,3482,CCA3482
0,0.1436,342,8,2223,CCA2223
0,0.1451,355,8,2218,CCA2218
0,0.1375,331,8,288,CCA288
0,0.1288,313,12,3539,CCA3539
0,0.1327,328,12,277,CCA277
0,0.0886,229,12,2190,CCA2190
0,0.085,243,12,536,CCA536
0,0.1681,393,6,3525,CCA3525
0,0.1764,412,6,273,CCA273
0,0.1529,342,10,3460,CCA3460
0,0.1363,317,10,2230,CCA2230
0,0.1688,399,10,3768,CCA3768
0,0.1048,266,10,2183,CCA2183
0,0.1049,266,10,2182,CCA2182
0,0.1571,348,10,1661,CCA1661
0,0.2464,449,3,161,CCA161
0,0.1531,303,8,5996,CCA5996
0.25,0.1676,312,8,150,CCA150
0,0.1855,343,4,237,CCA237
0,0.1724,320,4,147,CCA147
0,0.0959,279,4,2202,CCA2202
0,0.0959,279,4,1182,CCA1182
0,0.0995,242,10,6941,CCA6941
0,0.1011,252,6,548,CCA548
0,0.0917,211,25,2306,CCA2306
0,0.1127,259,25,341,CCA341
0,0.097,218,5,2784,CCA2784
0,0.097,218,5,347,CCA347
0,0.2144,383,5,3602,CCA3602
0,0.1528,298,5,118,CCA118
0,0.169,313,15,2262,CCA2262
0,0.1686,312,15,149,CCA149
0,0.1449,297,25,2284,CCA2284
0,0.145,297,25,2283,CCA2283
0,0.2313,442,25,2241,CCA2241
0,0.1489,299,15,2168,CCA2168
0,0.1489,299,15,2166,CCA2166
0,0.1487,297,15,136,CCA136
0,0.189,342,5,4555,CCA4555
0,0.2014,364,5,3618,CCA3618
0,0.1614,339,6,3441,CCA3441
0,0.2838,476,6,1874,CCA1874
0,0.1846,358,6,1855,CCA1855
0,0.1844,358,6,1853,CCA1853
0,0.1615,340,6,315,CCA315
0,0.2838,476,6,218,CCA218
0,0.1163,253,16,1817,CCA1817
0,0.1615,305,16,1087,CCA1087
0,0.1581,339,16,5466,CCA5466
0,0.0836,207,15,6956,CCA6956
0,0.1384,288,15,3639,CCA3639
0,0.0974,219,15,2787,CCA2787
0,0.1011,228,15,2303,CCA2303
0,0.2337,416,8,3584,CCA3584
0,0.2391,439,8,165,CCA165
0,0.1702,320,10,6382,CCA6382
0,0.2206,398,10,1101,CCA1101
0,0.2546,464,10,164,CCA164
0,0.2466,447,20,6359,CCA6359
0,0.233,419,4,1090,CCA1090
0,0.0589,162,7,2619,CCA2619
0,0.0622,173,7,2633,CCA2633
0,0.0622,173,7,112,CCA112
0,0.1714,347,10,2886,CCA2886
0,0.1715,347,10,2884,CCA2884
0,0.0899,227,10,2319,CCA2319
0,0.0737,196,10,1393,CCA1393
0,0.1127,259,10,516,CCA516
0,0.2218,396,8,3600,CCA3600
0,0.1859,348,8,2259,CCA2259
0,0.241,441,8,1642,CCA1642
0,0.202,378,8,1123,CCA1123
0,0.1358,298,14,2596,CCA2596
0,0.1898,393,14,2561,CCA2561
0,0.1139,232,14,2135,CCA2135
0,0.1223,268,14,2123,CCA2123
0,0.1589,384,14,931,CCA931
0,0.1392,286,14,555,CCA555
0,0.0602,172,14,500,CCA500
0,0.0854,217,8,2959,CCA2959
0,0.0833,219,8,1715,CCA1715
0,0.2067,384,5,2879,CCA2879
0,0.1637,340,5,2593,CCA2593
0,0.1951,377,5,1946,CCA1946
0,0.1927,391,5,928,CCA928
0,0.0619,171,7,113,CCA113
0,0.1385,286,10,3172,CCA3172
0,0.2372,508,10,2955,CCA2955
0,0.1742,353,10,2890,CCA2890
0,0.2355,458,10,1804,CCA1804
0,0.2339,569,10,2539,CCA2539
0,0.2264,550,10,2538,CCA2538
0,0.0945,278,10,2430,CCA2430
0,0.1209,373,10,2198,CCA2198
0,0.107,239,7,2142,CCA2142
0,0.1801,341,7,6000,CCA6000
0,0.104,214,7,2129,CCA2129
0,0.1977,383,7,950,CCA950
0,0.1496,309,8,2160,CCA2160
0,0.1075,277,8,2184,CCA2184
0,0.1447,298,8,2163,CCA2163
0,0.1447,298,8,1569,CCA1569
0,0.0731,209,6,1542,CCA1542
0,0.0678,196,6,1518,CCA1518
0,0.0573,157,4,2614,CCA2614
0,0.068,183,4,1500,CCA1500
0,0.1451,298,8,3665,CCA3665
0,0.1493,298,8,1828,CCA1828
0,0.203,367,8,1104,CCA1104
0,0.1273,283,8,2287,CCA2287
0,0.2642,461,8,1870,CCA1870
0,0.2195,390,8,1847,CCA1847
0,0.1512,295,20,115,CCA115
0,0.1255,277,8,1808,CCA1808
0,0.121,269,8,1078,CCA1078
0,0.1045,237,4,1813,CCA1813
0.5,0.3252,585,4,168,CCA168
0.5,0.075,155,3,248,CCA248
0,0.2592,455,5,3568,CCA3568
1.5,0.2528,432,5,3564,CCA3564
0,0.2107,383,5,5496,CCA5496
0.75,0.2346,428,10,3579,CCA3579
2,0.4147,712,5,4579,CCA4579
0,0.3031,538,5,4570,CCA4570
0.25,0.4151,715,3,177,CCA177
0.5,0.3772,582,3,220,CCA220
2,0.1434,285,1,3759,CCA3759
1,0.4615,682,7,3754,CCA3754
1.333333333,0.5037,735,7,1626,CCA1626
0.333333333,0.1617,326,15,3433,CCA3433
0,0.1828,349,5,3725,CCA3725
0,0.1526,326,10,5040,CCA5040
0,0.1622,333,10,243,CCA243
0,0.1637,306,10,1844,CCA1844
0,0.1457,287,10,141,CCA141
0,0.1873,352,6,3897,CCA3897
0,0.2494,443,6,3567,CCA3567
0,0.2023,364,6,3744,CCA3744
0,0.2003,362,6,1629,CCA1629
0,0.2331,402,6,205,CCA205
0,0.1819,329,5,3712,CCA3712
0,0.1737,320,5,148,CCA148
0,0.1735,327,15,3882,CCA3882
0,0.0877,219,15,3493,CCA3493
0,0.1382,313,15,3457,CCA3457
0,0.1608,312,5,6383,CCA6383
0,0.14,287,5,3662,CCA3662
0,0.2124,406,10,3670,CCA3670
0,0.1831,376,10,319,CCA319
0,0.1328,307,10,5033,CCA5033
0,0.1036,250,10,3486,CCA3486
0,0.0908,221,9,6945,CCA6945
0,0.0737,195,9,1392,CCA1392
0,0.1215,269,9,1079,CCA1079
0,0.0628,179,9,505,CCA505
0,0.354,565,7,4736,CCA4736
0,0.2141,429,7,6807,CCA6807
0,0.3041,505,7,447,CCA447
0,0.1839,409,7,3691,CCA3691
0,0.1828,367,7,3426,CCA3426
0,0.112,242,6,1081,CCA1081
0,0.1599,312,6,5993,CCA5993
0,0.1991,362,5,3613,CCA3613
0,0.2447,435,5,1091,CCA1091
0,0.2548,443,5,5518,CCA5518
0,0.218,384,5,5503,CCA5503
1,0.2023,364,5,3742,CCA3742
1,0.1617,331,5,3436,CCA3436
0,0.0844,208,14,6951,CCA6951
0,0.0974,219,14,2790,CCA2790
0,0.0883,229,11,2730,CCA2730
0,0.0926,237,11,527,CCA527
0,0.1091,279,14,7311,CCA7311
0,0.1381,286,14,6985,CCA6985
0,0.1527,303,14,3643,CCA3643
0,0.0987,265,14,2756,CCA2756
0,0.1521,344,11,6691,CCA6691
0,0.2945,499,11,5513,CCA5513
0,0.1657,320,11,4546,CCA4546
0,0.1651,321,11,3877,CCA3877
0,0.1496,339,11,2227,CCA2227
0,0.1351,326,5,5578,CCA5578
0,0.1651,381,5,3530,CCA3530
0,0.1437,292,5,4539,CCA4539
0,0.1068,253,5,5671,CCA5671
0,0.1449,350,5,5554,CCA5554
0,0.1563,349,5,5460,CCA5460
0,0.0836,207,5,6955,CCA6955
0,0.1391,295,5,6697,CCA6697
0,0.1983,449,5,5071,CCA5071
0,0.1049,233,5,3630,CCA3630
0,0.147,341,5,292,CCA292
0,0.1764,361,5,244,CCA244
0,0.1891,322,5,1127,CCA1127
0,0.1563,307,8,5992,CCA5992
0,0.1807,381,8,3453,CCA3453
0,0.2326,426,8,195,CCA195
0,0.2027,368,8,3575,CCA3575
0,0.2123,380,10,1089,CCA1089
0.5,0.2464,449,10,162,CCA162
0,0.2187,389,8,6350,CCA6350
0,0.1545,327,18,3447,CCA3447
0,0.1587,331,18,230,CCA230
0,0.1718,402,15,285,CCA285
0,0.1914,435,3,3699,CCA3699
0,0.1868,366,3,3437,CCA3437
0,0.1031,257,10,6931,CCA6931
0,0.101,245,10,522,CCA522
0,0.1025,249,14,5693,CCA5693
0,0.0993,244,14,1567,CCA1567
0,0.1046,250,14,5672,CCA5672
1.333333333,0.3491,736,5,1152,CCA1152
0,0.2204,506,5,7324,CCA7324
0,0.1756,401,5,5567,CCA5567
0,0.1606,376,5,3532,CCA3532
0,0.0852,244,5,1177,CCA1177
0,0.1616,327,12,241,CCA241
0,0.0925,242,12,533,CCA533
0,0.0924,238,12,2192,CCA2192
0,0.1255,286,12,300,CCA300
0,0.1653,311,4,5478,CCA5478
0.666666667,0.1885,361,4,3724,CCA3724
0,0.1523,294,4,1109,CCA1109
1.75,0.5186,859,10,7236,CCA7236
0.25,0.5146,834,35,1253,CCA1253
1,0.7876,1149,35,612,CCA612
1,0.3224,650,28,1271,CCA1271
2.666666667,0.2801,475,20,1131,CCA1131
1.5,0.4609,863,25,5538,CCA5538
3.5,0.4464,844,25,1146,CCA1146
0,0.1463,458,8,6641,CCA6641
0,0.5109,1202,20,2456,CCA2456
0,0.3037,797,10,6652,CCA6652
0,0.1686,489,10,6403,CCA6403
0,0.0172,59,4,1910,CCA1910
1,0.3329,658,30,2112,CCA2112
2,0.6699,1062,30,1232,CCA1232
0.3333333,0.4952,804,5,636,CCA636
2,0.1073,268,15,671,CCA671
0,0.2456,681,8,2447,CCA2447
2,0.7802,1121,20,6306,CCA6306
2,0.8464,1313,20,2911,CCA2911
2.5,0.7621,1145,20,2908,CCA2908
3,0.7482,1086,20,600,CCA600
1.5,0.7082,1042,10,6191,CCA6191
0,0.6759,997,30,6203,CCA6203
4,0.7685,1135,30,630,CCA630
0.3333333,0.6675,1221,45,6449,CCA6449
0,0.8178,1357,30,6205,CCA6205
0,0.7702,1528,25,6438,CCA6438
3.333333333,1.0336,1984,25,2518,CCA2518
1.5,0.9219,1557,75,2524,CCA2524
3,0.8687,1391,75,1237,CCA1237
1.5,0.682,997,45,1762,CCA1762
2.333333,0.7403,1185,45,642,CCA642
0.6666667,0.813,1339,45,6206,CCA6206
2.333333333,0.8598,1391,45,2921,CCA2921
2.5,0.5573,1193,20,2512,CCA2512
1,0.8288,1724,20,1316,CCA1316
1.5,0.5714,882,30,668,CCA668
1.5,0.6038,825,30,604,CCA604
1.25,0.4977,1062,35,1314,CCA1314
0.75,0.0774,249,30,5747,CCA5747
0.333333333,0.0998,312,30,4258,CCA4258
0.5,0.3313,863,30,4231,CCA4231
0,0.2744,715,30,2489,CCA2489
0.25,0.1545,366,30,6389,CCA6389
0,0.1995,390,30,6136,CCA6136
0,0.2315,478,30,5279,CCA5279
0.5,0.1081,248,30,5233,CCA5233
1,0.2738,481,40,5156,CCA5156
0,0.2442,491,40,4733,CCA4733
0.25,0.2842,480,40,823,CCA823
1.25,0.1496,353,30,5571,CCA5571
0.5,0.2302,531,30,5077,CCA5077
1.5,0.0951,278,30,4177,CCA4177
2.25,0.1773,415,30,3523,CCA3523
0,0.0966,238,30,2555,CCA2555
2,0.126,382,30,1206,CCA1206
0.5,0.2021,455,30,2553,CCA2553
0.25,0.018,57,10,1369,CCA1369
0,0.3934,662,10,751,CCA751
0,0.1508,339,4,6499,CCA6499
0,0.1971,408,4,730,CCA730
0,0.1701,492,6,6401,CCA6401
0,0.1631,476,6,4184,CCA4184
0.25,0.6559,1215,20,6482,CCA6482
0,0.3483,665,20,6168,CCA6168
0.2,0.3765,709,20,2932,CCA2932
1,0.3486,686,20,1261,CCA1261
0.5,0.3074,610,20,682,CCA682
0,0.1949,452,6,6497,CCA6497
0,0.2063,519,6,1284,CCA1284
0.5,0.1907,432,5,Eflinder_1,Eflinder_1
0,0.2118,456,5,6387,CCA6387
0,0.1227,272,5,5230,CCA5230
0.5,0.0079,27,20,11239,CCA11239
0,0.4748,783,20,6241,CCA6241
0.5,0.5698,937,20,2085,CCA2085
0.2,1.1891,2231,50,13661,CCA13661
1.5,0.2023,1054,50,13398,CCA13398
1.75,0.5833,1102,50,713,CCA713
0,0.3692,668,30,1272,CCA1272
0,0.4827,706,20,1736,CCA1736
0.5,0.5699,967,30,2937,CCA2937
0.5,0.8963,1508,10,720,CCA720
0.5,0.3822,692,8,6175,CCA6175
0,0.4278,732,8,1254,CCA1254
2.333333,0.7162,1149,20,667,CCA667
2,0.7566,1243,15,1241,CCA1241
0,0.3524,682,10,6173,CCA6173
0,0.3537,681,20,6806,CCA6806
0,0.3247,652,20,6464,CCA6464
0,0.2238,450,20,6148,CCA6148
0.75,0.411,735,20,1255,CCA1255
0.75,0.4751,787,20,675,CCA675
0,0.4651,747,25,3796,CCA3796
0.3333333,0.5571,886,25,722,CCA722
0.25,0.1482,449,13,2689,CCA2689
0,0.101,294,13,1703,CCA1703
0,0.1125,322,13,1209,CCA1209
0.5,0.5694,767,20,7365,CCA7365
0,0.9998,1790,9,6419,CCA6419
1,0.8499,1501,9,1323,CCA1323
0,0.259,604,12,5144,CCA5144
0.333333333,0.8819,1564,12,1309,CCA1309
0,0.3916,720,10,6164,CCA6164
0,0.5749,899,10,6160,CCA6160
0,0.1018,251,8,6502,CCA6502
0,0.1015,252,8,2964,CCA2964
0,0.1884,380,8,6147,CCA6147
0,0.2139,452,8,728,CCA728
0,0.4983,805,20,6242,CCA6242
0,0.3929,742,20,6171,CCA6171
0.3333333,0.4164,753,20,724,CCA724
0.75,0.4153,765,20,723,CCA723
1,0.5469,1004,20,716,CCA716
1,0.6757,1212,20,6486,CCA6486
1,0.4423,798,20,2107,CCA2107
2,2.1893,2030,20,7398,CCA7398
1,1.4637,1379,50,7406,CCA7406
0.666666667,0.8855,1416,18,2089,CCA2089
1,0.5821,859,30,650,CCA650
3.25,0.5953,900,35,669,CCA669
3.25,0.5498,906,15,3209,CCA3209
0.5,0.6255,927,15,1763,CCA1763
1.666667,0.7309,1165,10,641,CCA641
0,0.2598,703,6,6645,CCA6645
0,0.0924,289,10,539,CCA539
0,0.257,679,6,2498,CCA2498
0.25,0.3525,637,40,6457,CCA6457
2,0.8993,1437,40,1239,CCA1239
2,0.78,1080,7,3797,CCA3797
1.75,0.7802,1121,40,6307,CCA6307
2.25,0.6331,901,40,1739,CCA1739
0,0.4703,574,16,7411,CCA7411
0,0.4703,574,16,1983,CCA1983
2.25,0.7742,1067,50,618,CCA618
4,0.5462,866,65,633,CCA633
3.333333333,0.6025,907,10,5024,CCA5024
0.5,0.7529,1003,40,6782,CCA6782
2,0.5519,703,25,6333,CCA6333
3.666667,0.797,1232,25,576,CCA576
2.75,0.673,929,10,616,CCA616
2,0.5058,761,10,762,CCA762
1.333333333,0.7219,945,40,1745,CCA1745
1,0.6625,949,25,2950,CCA2950
0.6666667,0.5375,847,25,760,CCA760
1.5,0.7825,1049,25,5271,CCA5271
1,0.5384,858,25,570,CCA570
2.25,0.0754,146,20,1368,CCA1368
0.5,0.719,1035,25,6231,CCA6231
1,0.5267,853,25,6157,CCA6157
1,0.5787,862,25,648,CCA648
2.75,0.4895,709,45,1735,CCA1735
1.333333333,0.5805,781,50,1764,CCA1764
1,0.707,795,70,1986,CCA1986
2.333333333,0.6264,831,70,1726,CCA1726
4,0.2589,483,45,3212,CCA3212
2.5,0.8102,1006,45,468,CCA468
0.75,0.6224,689,8,7412,CCA7412
4,0.5615,695,8,1989,CCA1989
1.25,1.0828,1112,25,1979,CCA1979
3.75,0.7974,1016,10,4314,CCA4314
3,0.6315,830,10,4311,CCA4311
2,0.4209,699,25,1772,CCA1772
1,0.5167,687,45,2068,CCA2068
2.25,0.7696,935,45,598,CCA598
0,0.6849,869,20,6312,CCA6312
0.25,0.8764,1212,20,6263,CCA6263
0,0.3189,801,15,1326,CCA1326
1.25,0.483,785,15,2951,CCA2951
1.25,0.4655,646,15,583,CCA583
1.75,0.494,722,15,3789,CCA3789
2,0.3493,746,15,449,CCA449
0.75,0.4826,776,15,2952,CCA2952
0.75,0.2118,456,6,6388,CCA6388
2,0.1351,331,6,565,CCA565
0.3333333,0.5235,787,20,653,CCA653
0.25,0.9096,1093,40,6282,CCA6282
0.75,0.9536,1300,20,3799,CCA3799
2.5,0.5983,820,20,581,CCA581
2.5,0.7229,942,20,609,CCA609
0,0.5334,745,20,7364,CCA7364
4,0.6673,930,15,656,CCA656
1.666666667,0.5416,775,30,1765,CCA1765
4,0.6533,919,30,1731,CCA1731
3.5,0.8736,1103,30,1725,CCA1725
2,0.6801,943,20,1730,CCA1730
3,0.8831,986,35,1743,CCA1743
1,1.5363,1631,50,7372,CCA7372
2.5,0.5283,841,10,569,CCA569
0.25,0.5464,802,15,6277,CCA6277
3,0.5374,772,15,3211,CCA3211
0.5,0.5535,718,10,6323,CCA6323
2,0.6078,880,10,1226,CCA1226
3,0.9273,1155,40,4513,CCA4513
2.5,0.4851,792,65,2946,CCA2946
2.75,0.7253,895,10,591,CCA591
4,0.8351,1085,12,1222,CCA1222
0,0.2612,441,15,7427,CCA7427
0.5,0.4858,704,8,6781,CCA6781
0.5,0.5612,829,8,6276,CCA6276
0,0.8006,862,7,1975,CCA1975
3,0.5678,765,4,1755,CCA1755
0.25,0.4877,682,5,4883,CCA4883
4,2.1538,1783,4,7403,CCA7403
4,0.4312,688,15,776,CCA776
1.333333333,0.5371,853,15,1773,CCA1773
3,0.9912,1313,15,1774,CCA1774
0,0.8486,870,20,7402,CCA7402
1,0.5587,866,15,6196,CCA6196
0,0.6006,904,15,672,CCA672
0,0.6408,882,10,7355,CCA7355
0.75,0.6328,923,20,6228,CCA6228
3,0.6625,949,20,2948,CCA2948
1.666667,0.6171,950,15,6194,CCA6194
0.5,0.5499,885,35,6249,CCA6249
1,0.0544,130,35,4700,CCA4700
1,0.6431,849,35,1750,CCA1750
3.333333333,0.757,1073,5,1757,CCA1757
2.333333333,0.6625,949,65,2949,CCA2949
2.666666667,0.5322,768,65,4745,CCA4745
1.333333333,0.7115,891,45,1767,CCA1767
2,1.0262,1539,30,6798,CCA6798
3.333333333,0.5309,860,40,3203,CCA3203
0.75,1.0539,1195,10,7379,CCA7379
0.25,0.6224,933,90,6158,CCA6158
1,0.5909,818,15,7235,CCA7235
0,1.053,1176,6,7425,CCA7425
0.5,1.6419,1767,6,1969,CCA1969
0.6666667,0.2343,412,10,6108,CCA6108
1.25,0.3242,531,10,5907,CCA5907
2,0.3242,531,10,941,CCA941
3.25,1.4133,1317,15,7410,CCA7410
3,1.3715,1312,25,7407,CCA7407
1,1.1648,1081,12,7389,CCA7389
3.666666667,0.5541,861,40,5022,CCA5022
3.75,0.6325,913,40,2941,CCA2941
1.25,1.063,1135,40,6736,CCA6736
4,1.1773,1464,40,4867,CCA4867
0.5,0.925,1150,35,7387,CCA7387
1.333333,0.8955,1162,20,6217,CCA6217
3,0.7283,963,10,4516,CCA4516
1.5,0.6903,902,10,1747,CCA1747
3.5,0.7068,989,20,1741,CCA1741
0.3333333,0.5033,733,20,805,CCA805
0.3333333,0.4933,714,15,6121,CCA6121
0,0.4765,680,15,6114,CCA6114
3.5,0.9026,1128,15,4318,CCA4318
2.666666667,0.6562,860,18,4313,CCA4313
4,0.8874,1109,18,4319,CCA4319
1.75,0.159,397,4,1800,CCA1800
0.25,0.6078,776,20,6319,CCA6319
0.25,0.48,705,20,6297,CCA6297
3.25,0.5872,892,15,2939,CCA2939
0,0.138,340,4,5708,CCA5708
0,0.0767,248,5,4279,CCA4279
0,0.069,211,10,4283,CCA4283
0,0.0911,275,10,545,CCA545
0,0.1469,428,5,5778,CCA5778
0,0.1349,397,5,1191,CCA1191
0,0.1552,346,5,5463,CCA5463
0,0.144,350,5,3766,CCA3766
0,0.1069,276,5,2761,CCA2761
0,0.1193,273,5,339,CCA339
0,0.1326,325,6,3536,CCA3536
1,0.254,565,10,1154,CCA1154
0,0.1394,430,6,1194,CCA1194
0,0.0911,291,10,2684,CCA2684
0,0.0956,276,10,427,CCA427
0,0.0753,254,3,1189,CCA1189
0,0.3061,823,5,4241,CCA4241
0,0.1481,361,15,5568,CCA5568
0,0.1032,308,15,2436,CCA2436
0,0.0847,243,15,1178,CCA1178
1,0.3344,665,25,1267,CCA1267
0.5,0.0058,19,25,694,CCA694
0,0.3478,652,25,689,CCA689
0,0.106,338,12,1187,CCA1187
0,0.0959,279,12,1183,CCA1183
0,0.0916,287,12,541,CCA541
1.5,0.6139,1036,40,1245,CCA1245
0,0.2967,489,5,825,CCA825
0.75,0.0976,168,5,Ealb_1,Ealb_1
0.5,0.3017,491,5,3180,CCA3180
0,0.325,528,5,942,CCA942
0.333333333,0.7566,1243,30,1242,CCA1242
0.5,0.3134,615,35,685,CCA685
0,0.6548,1002,8,2081,CCA2081
0.333333333,0.4389,900,35,2544,CCA2544
1,0.6368,1085,35,666,CCA666
0,0.6759,997,8,2927,CCA2927
0,0.3167,616,35,680,CCA680
0,0.2829,624,35,2531,CCA2531
0.25,0.3203,686,35,5133,CCA5133
0.75,0.2887,649,35,2532,CCA2532
0,0.5734,1231,35,2514,CCA2514
2,0.9434,1939,35,1317,CCA1317
0,0.2766,590,35,6495,CCA6495
0,0.3159,672,35,6453,CCA6453
0,0.3929,742,35,6170,CCA6170
0,0.458,792,15,2930,CCA2930
0,0.3752,648,30,746,CCA746
0,0.3714,679,20,2104,CCA2104
0.75,0.4871,912,25,2545,CCA2545
0,0.3412,669,20,2549,CCA2549
0,0.3058,612,20,2117,CCA2117
0.3333333,0.3159,620,20,683,CCA683
1,0.3433,667,40,1260,CCA1260
0.25,0.4731,830,30,2111,CCA2111
1.25,0.0183,62,30,706,CCA706
0,0.3321,654,20,1264,CCA1264
0.333333333,0.6081,870,25,1738,CCA1738
0.25,0.4439,652,25,6785,CCA6785
1.25,0.4878,814,20,2899,CCA2899
0.5,0.313,520,20,6106,CCA6106
0,0.3076,509,10,6085,CCA6085
0.75,0.3233,523,10,1716,CCA1716
0,0.5071,1082,18,1315,CCA1315
0,0.1271,380,10,4186,CCA4186
0,0.1191,285,10,2957,CCA2957
0,0.0964,282,10,1355,CCA1355
2,0.352,759,30,1297,CCA1297
0,0.3058,612,25,2116,CCA2116
0.25,0.8186,1482,15,1308,CCA1308
0,0.1216,327,5,1353,CCA1353
0,0.2728,715,15,1339,CCA1339
0.25,0.2905,654,9,5136,CCA5136
0.333333333,0.8318,1487,20,1305,CCA1305
0.25,0.3251,647,15,6472,CCA6472
0,0.1221,346,20,6661,CCA6661
1,0.0739,224,20,2677,CCA2677
0,0.1816,401,20,2554,CCA2554
0,0.1178,333,20,2435,CCA2435
0,0.0934,274,20,423,CCA423
0.75,0.5528,836,8,2945,CCA2945
0,0.2221,522,17,1281,CCA1281
0,0.288,753,7,2500,CCA2500
0,0.3023,641,10,1276,CCA1276
0.25,0.4369,695,20,743,CCA743
1,0.3791,653,20,747,CCA747
0.25,0.2951,634,20,698,CCA698
0,0.2771,600,15,1279,CCA1279
0,0.3585,657,15,1275,CCA1275
1,0.4324,790,22,2106,CCA2106
0,0.2708,631,18,1293,CCA1293
0,0.3877,699,8,6176,CCA6176
0,0.1985,415,8,729,CCA729
0,0.1424,310,12,5929,CCA5929
0,0.1814,387,12,5281,CCA5281
0,0.142,303,12,1691,CCA1691
0,0.4056,680,5,2083,CCA2083
1.5,0.7237,1080,30,2080,CCA2080
1,0.7833,1228,30,2920,CCA2920
0,0.3419,882,10,4226,CCA4226
0,0.1345,424,10,2440,CCA2440
1.25,0.4875,993,25,2526,CCA2526
0,0.4802,982,12,2520,CCA2520
1.5,0.3209,838,10,1916,CCA1916
0.5,0.2524,581,35,1289,CCA1289
0,0.5211,1045,25,1322,CCA1322
0,0.3121,631,30,686,CCA686
0,0.6855,994,20,1761,CCA1761
1,0.8575,1379,30,645,CCA645
1,0.4462,879,30,2506,CCA2506
0,0.4318,872,30,712,CCA712
0,0.0503,131,20,2556,CCA2556
0,0.046,136,20,4172,CCA4172
0,0.1374,290,20,980,CCA980
0,0.186,446,15,2119,CCA2119
0,0.3332,645,25,6474,CCA6474
0,0.5225,841,25,674,CCA674
1,0.4764,780,5,5263,CCA5263
0,0.2132,599,10,1338,CCA1338
0,0.5,1186,18,2458,CCA2458
0,0.4442,1084,5,5812,CCA5812
0,0.3362,903,8,1908,CCA1908
0,0.1367,437,10,6640,CCA6640
0,0.2603,608,12,1291,CCA1291
0,0.5783,1097,20,6422,CCA6422
0,0.3573,908,12,1919,CCA1919
0,0.4473,1086,12,5810,CCA5810
0,0.3652,920,12,5804,CCA5804
0,0.2576,687,8,6646,CCA6646
0,0.3351,864,8,1930,CCA1930
0,0.289,621,14,5137,CCA5137
0.75,0.2719,631,14,2533,CCA2533
0.75,0.8463,1375,35,646,CCA646
0,0.3621,813,12,6414,CCA6414
0.5,0.4143,860,12,5117,CCA5117
0,0.4158,837,12,2508,CCA2508
0,0.2603,608,12,1292,CCA1292
0,0.1155,339,6,5205,CCA5205
0,0.1176,345,6,5203,CCA5203
0,0.1493,435,6,4183,CCA4183
0,0.1494,436,6,1330,CCA1330
0,0.6067,1172,17,5121,CCA5121
0.5,0.5834,1187,17,1298,CCA1298
0,0.3177,565,25,2898,CCA2898
1,0.2313,487,25,1676,CCA1676
0,0.31,612,25,681,CCA681
0,0.1211,354,8,4179,CCA4179
0,0.1146,324,8,1207,CCA1207
0,0.1034,342,8,1202,CCA1202
0.4,0.3411,610,25,1364,CCA1364
0,0.2838,469,15,6916,CCA6916
0.25,0.1757,348,25,2895,CCA2895
0.5,0.2565,496,25,1220,CCA1220
0,0.2813,473,12,6866,CCA6866
1,0.264,455,12,1590,CCA1590
0.25,0.3167,616,20,679,CCA679
0.25,0.2372,508,20,2954,CCA2954
0,0.266,508,8,736,CCA736
0,0.2802,463,7,2580,CCA2580
0,0.0495,141,7,936,CCA936
0,0.2834,478,7,822,CCA822
0,0.2284,476,40,2569,CCA2569
0.333333333,0.4428,673,45,1053,CCA1053
0,0.327,555,18,3182,CCA3182
0.75,0.2697,452,10,2583,CCA2583
0,0.1752,287,10,453,CCA453
0.5,0.4644,734,30,777,CCA777
0.5,0.6612,909,60,2902,CCA2902
1,0.4895,709,60,1733,CCA1733
0,0.261,441,15,2581,CCA2581
1.5,0.2086,382,25,2897,CCA2897
0,0.2187,462,25,2566,CCA2566
0,0.3901,604,25,1798,CCA1798
0.75,0.2939,482,25,351,CCA351
0.25,0.6182,815,10,4310,CCA4310
0.333333333,0.3475,532,10,473,CCA473
0,0.4136,597,25,2585,CCA2585
0,0.4536,664,25,3788,CCA3788
0,0.4772,689,12,460,CCA460
0,0.3951,621,35,6105,CCA6105
0,0.4439,652,35,6784,CCA6784
1.333333333,0.4994,668,35,1727,CCA1727
0.5,0.6024,1103,20,717,CCA717
1.333333333,0.7673,1187,40,2086,CCA2086
0,0.3047,634,25,697,CCA697
0.25,0.818,1301,30,639,CCA639
1,0.7335,1065,30,2903,CCA2903
0.25,0.7635,1213,30,2918,CCA2918
0.25,0.713,1120,30,643,CCA643
1.333333,0.5233,818,20,634,CCA634
1.333333,0.2764,482,15,945,CCA945
0,0.2764,482,15,946,CCA946
0,0.1395,305,6,5933,CCA5933
0,0.2786,541,6,57,CCA57
0,0.1605,334,12,482,CCA482
0,0.3875,566,20,6097,CCA6097
0.5,0.5019,721,20,7378,CCA7378
1.666666667,0.4895,709,20,1734,CCA1734
0,0.2324,426,12,5915,CCA5915
0,0.2119,431,12,5285,CCA5285
1.5,0.2803,500,12,3183,CCA3183
0,0.2115,393,12,2065,CCA2065
0,0.2317,446,12,783,CCA783
0,0.1863,371,4,1689,CCA1689
0,0.0589,162,3,487,CCA487
0,0.0622,173,3,1506,CCA1506
0,0.2099,410,7,5924,CCA5924
0,0.1863,359,7,3439,CCA3439
0,0.1852,379,7,929,CCA929
0,0.2858,483,8,824,CCA824
0,0.121,272,10,5229,CCA5229
0,0.1207,264,10,2558,CCA2558
0,0.1516,306,10,981,CCA981
0,0.0743,173,10,93,CCA93
0,0.1288,272,5,983,CCA983
0,0.1554,311,15,3642,CCA3642
0,0.1683,329,15,3880,CCA3880
0,0.1944,350,15,3619,CCA3619
0,0.1515,296,15,116,CCA116
0,0.112,242,10,2801,CCA2801
0,0.2845,488,10,2245,CCA2245
0,0.1382,284,10,553,CCA553
0,0.1255,277,10,1072,CCA1072
0,0.1729,335,6,3178,CCA3178
0,0.1508,291,6,5477,CCA5477
0,0.1478,282,6,3644,CCA3644
0,0.2813,490,6,947,CCA947
0,0.187,350,6,191,CCA191
0,0.0974,246,10,7295,CCA7295
0,0.1091,265,10,333,CCA333
0,0.1868,339,7,3711,CCA3711
0,0.2043,368,7,3608,CCA3608
0,0.2144,383,7,3604,CCA3604
0,0.1405,285,12,3660,CCA3660
0,0.1308,281,12,2286,CCA2286
0,0.1487,297,12,135,CCA135
0,0.1196,269,14,3480,CCA3480
0,0.1442,287,14,3657,CCA3657
0,0.1437,286,14,3653,CCA3653
0,0.1514,299,10,551,CCA551
0,0.1168,254,10,3634,CCA3634
0,0.1504,298,10,122,CCA122
0,0.075,155,4,249,CCA249
0,0.1145,296,12,5592,CCA5592
0,0.0684,201,12,1548,CCA1548
0,0.1241,366,5,5180,CCA5180
0,0.1137,358,5,1188,CCA1188
0,0.1044,253,6,525,CCA525
0,0.0654,190,6,1520,CCA1520
0,0.1117,255,6,1405,CCA1405
0,0.1538,302,10,137,CCA137
0,0.1442,287,10,3656,CCA3656
0.75,0.2218,405,10,158,CCA158
0,0.351,611,20,6017,CCA6017
0.25,0.3105,548,20,3588,CCA3588
0,0.2871,465,20,944,CCA944
0,0.058,162,20,938,CCA938
0,0.0485,128,20,933,CCA933
0,0.1392,286,20,559,CCA559
0,0.1931,389,14,3667,CCA3667
0,0.1201,270,14,3474,CCA3474
0,0.102,226,10,3625,CCA3625
0,0.1081,237,10,3620,CCA3620
0,0.1348,317,10,5453,CCA5453
0,0.127,292,10,302,CCA302
0,0.1232,301,10,5585,CCA5585
0,0.126,304,10,5596,CCA5596
0,0.1809,373,10,321,CCA321
0,0.1655,348,10,316,CCA316
0,0.1492,307,10,326,CCA326
0,0.2106,405,15,3669,CCA3669
0,0.1529,335,15,3468,CCA3468
0,0.1466,309,15,3449,CCA3449
0,0.1828,367,10,3424,CCA3424
0,0.1051,277,12,1173,CCA1173
0,0.1492,334,12,2235,CCA2235
0,0.2293,500,12,266,CCA266
0,0.1451,298,12,325,CCA325
0,0.1816,371,15,323,CCA323
0,0.1413,326,15,305,CCA305
0,0.1072,270,7,2767,CCA2767
0,0.1623,385,7,1897,CCA1897
0,0.1038,249,6,6943,CCA6943
0,0.1317,309,10,2232,CCA2232
0,0.1214,270,4,1076,CCA1076
0,0.17,391,7,3527,CCA3527
0,0.2152,497,7,269,CCA269
0,0.1726,331,10,1116,CCA1116
0,0.1478,354,10,286,CCA286
0,0.1546,310,8,132,CCA132
0,0.1702,340,6,2896,CCA2896
0,0.2016,376,6,732,CCA732
0,0.2328,426,5,949,CCA949
0,0.1717,351,5,3829,CCA3829
0,0.1691,333,5,3177,CCA3177
0,0.1626,301,5,1112,CCA1112
0,0.1454,330,10,6693,CCA6693
0,0.1096,264,10,6926,CCA6926
0,0.1006,246,10,1566,CCA1566
0,0.2014,356,7,6021,CCA6021
0,0.1988,365,7,1861,CCA1861
0,0.1494,295,7,3645,CCA3645
0,0.0627,162,7,444,CCA444
0,0.2051,375,12,1119,CCA1119
0,0.2239,410,12,1099,CCA1099
0,0.2182,401,4,155,CCA155
0,0.1748,346,3,3676,CCA3676
0,0.1964,394,3,322,CCA322
0.25,0.218,384,5,5507,CCA5507
0,0.203,367,5,1105,CCA1105
1.333333333,0.1993,362,5,3616,CCA3616
0,0.1852,349,5,3592,CCA3592
0,0.3047,490,10,5908,CCA5908
1.75,0.3047,490,10,3179,CCA3179
1.5,0.4818,701,10,806,CCA806
0,0.152,297,15,1826,CCA1826
0,0.1168,254,15,3633,CCA3633
0,0.1185,280,15,549,CCA549
0,0.2436,440,4,6377,CCA6377
0,0.2376,433,4,160,CCA160
2,0.1726,344,4,6025,CCA6025
0,0.2046,361,4,5509,CCA5509
0,0.2403,447,6,181,CCA181
0,0.3031,538,8,4571,CCA4571
1,0.1848,354,8,3731,CCA3731
0,0.3031,538,8,4572,CCA4572
0.25,0.1995,356,8,4796,CCA4796
0,0.1566,309,8,4550,CCA4550
0,0.1616,385,8,3698,CCA3698
0,0.1235,261,8,2802,CCA2802
0,0.2038,377,8,1117,CCA1117
0,0.2024,372,8,6005,CCA6005
0.25,0.4185,707,8,1638,CCA1638
0,0.2642,461,8,1129,CCA1129
0,0.1533,293,8,1108,CCA1108
0,0.1852,379,8,930,CCA930
0,0.1875,352,6,152,CCA152
0,0.2296,410,6,3973,CCA3973
0.333333333,0.1855,358,6,3816,CCA3816
0,0.2972,483,5,939,CCA939
0.666666667,0.3039,499,5,3554,CCA3554
0,0.4004,639,5,3746,CCA3746
0,0.134,280,5,5983,CCA5983
0,0.0375,97,5,3706,CCA3706
0,0.1058,236,8,2800,CCA2800
0,0.1745,354,8,2587,CCA2587
0,0.1206,268,8,1074,CCA1074
0,0.1232,263,8,103,CCA103
0,0.1904,370,8,60,CCA60
0,0.1639,302,3,4437,CCA4437
0,0.1512,290,3,1110,CCA1110
0,0.2611,486,6,199,CCA199
0,0.1477,290,15,143,CCA143
0,0.2005,360,10,6355,CCA6355
0,0.1523,300,10,3650,CCA3650
0,0.1168,254,10,3635,CCA3635
0,0.1507,298,10,120,CCA120
0,0.1167,259,8,4306,CCA4306
0,0.1206,262,8,330,CCA330
0,0.1284,295,8,6996,CCA6996
0,0.1546,310,8,131,CCA131
0,0.1099,269,10,4305,CCA4305
0,0.123,264,10,3637,CCA3637
0,0.1127,259,10,515,CCA515
0,0.0966,218,8,3627,CCA3627
0,0.2218,396,8,3601,CCA3601
0,0.1692,348,8,3445,CCA3445
0,0.0935,233,8,2733,CCA2733
0,0.1505,298,2,5997,CCA5997
0,0.134,280,2,558,CCA558
0,0.1818,345,12,1107,CCA1107
0,0.1337,328,10,5577,CCA5577
0,0.2234,408,4,6016,CCA6016
0,0.2187,402,4,156,CCA156
0,0.1001,243,2,2738,CCA2738
0,0.0635,175,2,110,CCA110
0,0.0923,237,6,526,CCA526
0,0.1504,298,6,121,CCA121
0,0.2591,461,6,6010,CCA6010
0,0.2256,414,6,1094,CCA1094
0,0.1617,347,5,3451,CCA3451
0,0.143,335,5,290,CCA290
0,0.1301,313,7,3497,CCA3497
0,0.127,292,5,301,CCA301
0,0.1355,314,10,5458,CCA5458
0,0.1532,326,10,3448,CCA3448
0,0.11,248,10,2300,CCA2300
0,0.1135,263,10,340,CCA340
0.25,0.252,447,4,3595,CCA3595
0,0.2212,405,4,157,CCA157
0,0.1693,332,15,129,CCA129
1.666666667,0.2609,497,4,1887,CCA1887
0,0.325,586,4,6378,CCA6378
1,0.2801,475,4,1132,CCA1132
0.5,0.1776,358,4,312,CCA312
4,0.4113,796,40,1148,CCA1148
0,0.1615,340,4,314,CCA314
0,0.1496,306,5,327,CCA327
0,0.2177,390,15,3578,CCA3578
0,0.2086,375,15,1121,CCA1121
0,0.0548,145,4,4611,CCA4611
0,0.0289,77,4,4588,CCA4588
2,0.0808,184,5,4805,CCA4805
1.666666667,0.0548,145,5,3570,CCA3570
0.3333333,0.3811,628,5,6370,CCA6370
2.5,0.4125,711,5,1639,CCA1639
1,0.2527,430,4,5061,CCA5061
1,0.249,441,4,5057,CCA5057
0,0.0781,178,3,3569,CCA3569
0,0.3299,519,8,212,CCA212
0.5,0.4649,761,20,4597,CCA4597
1,0.373,623,20,4587,CCA4587
0,0.1827,344,4,5053,CCA5053
0,0.2259,405,4,2248,CCA2248
0.75,0.2086,375,4,1122,CCA1122
0,0.2331,402,4,204,CCA204
0,0.1638,345,5,5468,CCA5468
0,0.1305,295,5,7001,CCA7001
0,0.1496,306,5,328,CCA328
0,0.1775,335,8,5472,CCA5472
0,0.2437,437,8,3596,CCA3596
0,0.2051,378,8,1120,CCA1120
0,0.2328,412,5,3583,CCA3583
0,0.2642,461,5,1128,CCA1128
0,0.2326,426,5,197,CCA197
0,0.1989,351,5,4425,CCA4425
0,0.1744,354,5,3814,CCA3814
0,0.185,359,5,3721,CCA3721
0,0.1827,357,5,311,CCA311
0,0.1529,318,11,4412,CCA4412
0,0.1403,338,11,5551,CCA5551
0,0.1276,300,11,2229,CCA2229
0,0.1966,355,6,6022,CCA6022
0,0.1739,392,6,3695,CCA3695
0,0.1947,391,12,317,CCA317
0,0.2961,645,4,5543,CCA5543
0,0.1949,450,4,3544,CCA3544
0,0.1464,349,4,1168,CCA1168
0,0.2136,477,4,271,CCA271
0,0.1852,345,4,238,CCA238
0,0.2082,384,4,3590,CCA3590
0,0.1496,339,4,2228,CCA2228
0,0.1824,354,4,310,CCA310
0,0.1109,250,5,5976,CCA5976
0,0.151,299,5,5994,CCA5994
0,0.1715,326,5,5046,CCA5046
0,0.1788,338,5,188,CCA188
0,0.1776,337,5,1114,CCA1114
0,0.1811,344,7,186,CCA186
0,0.2168,401,10,234,CCA234
0,0.1506,325,10,3806,CCA3806
0,0.0718,209,8,2715,CCA2715
0,0.0622,173,8,2631,CCA2631
0,0.1054,262,8,7307,CCA7307
0,0.0724,193,8,1391,CCA1391
0,0.6461,1096,10,2099,CCA2099
0,0.1077,260,5,299,CCA299
1,0.1716,314,3,3715,CCA3715
0,0.1793,344,3,187,CCA187
0,0.1487,283,3,140,CCA140
0,0.1479,302,3,329,CCA329
0,0.2206,544,15,2536,CCA2536
0,0.2088,370,6,3563,CCA3563
0,0.2506,440,6,207,CCA207
0,0.2264,396,6,201,CCA201
0,0.2309,399,6,1883,CCA1883
0,0.1761,364,8,3678,CCA3678
0,0.1748,346,8,3675,CCA3675
0,0.217,387,6,192,CCA192
1,0.2489,443,5,3704,CCA3704
3,0.279,430,5,3561,CCA3561
0,0.373,575,5,222,CCA222
1.666666667,0.2594,408,8,3562,CCA3562
0,0.1884,368,8,240,CCA240
0.5,0.2506,440,7,206,CCA206
0,0.3262,590,4,167,CCA167
0,0.2557,465,4,163,CCA163
0,0.2506,440,8,208,CCA208
0,0.3891,626,3,4800,CCA4800
0.5,0.2013,376,5,3574,CCA3574
0,0.2323,430,5,182,CCA182
0,0.2492,420,3,3565,CCA3565
0.25,0.3046,499,20,3556,CCA3556
0.25,0.287,510,20,1095,CCA1095
0.25,0.3252,585,20,170,CCA170
0.25,0.2177,389,3,3571,CCA3571
0,0.2596,448,5,2243,CCA2243
0,0.3299,519,5,214,CCA214
0,0.2287,501,25,3503,CCA3503
0,0.1863,359,25,3438,CCA3438
0,0.2029,405,25,3423,CCA3423
0,0.2136,477,3,272,CCA272
1,0.1598,393,7,5493,CCA5493
0,0.0375,97,7,3705,CCA3705
0,0.3299,519,7,215,CCA215
0,0.0731,201,6,547,CCA547
1,0.4435,918,10,2521,CCA2521
0,0.1766,375,6,3685,CCA3685
0,0.1489,311,6,245,CCA245
0,0.1475,332,6,3458,CCA3458
0,0.1375,331,7,287,CCA287
0.333333333,0.2893,479,4,3559,CCA3559
0.25,0.1807,381,4,3454,CCA3454
0,0.2491,428,3,5062,CCA5062
0,0.279,430,3,232,CCA232
0,0.2264,396,3,202,CCA202
0,0.1022,242,3,520,CCA520
0,0.144,346,13,5593,CCA5593
0,0.1669,387,13,2211,CCA2211
0,0.1788,426,13,1165,CCA1165
0.333333333,0.1828,351,15,239,CCA239
0,0.1512,292,8,139,CCA139
0,0.1775,356,7,313,CCA313
0,0.2249,497,4,267,CCA267
0,0.5156,1060,15,1150,CCA1150
0,0.1338,322,8,3498,CCA3498
0,0.0959,235,5,5936,CCA5936
0,0.1409,365,5,5200,CCA5200
0,0.1514,303,9,3646,CCA3646
0,0.1137,254,9,344,CCA344
0,0.1787,340,3,7224,CCA7224
0,0.1387,289,10,3641,CCA3641
0.25,0.2075,480,25,1164,CCA1164
0,0.1365,335,5,281,CCA281
0,0.1756,414,4,284,CCA284
0,0.1191,260,3,6993,CCA6993
0,0.1193,273,3,337,CCA337
0,0.1193,273,4,338,CCA338
0,0.2376,433,3,159,CCA159
0,0.1477,300,15,3831,CCA3831
0,0.1265,314,15,3496,CCA3496
0,0.0859,234,15,2717,CCA2717
0,0.1091,254,15,342,CCA342
0,0.2043,368,10,3606,CCA3606
0,0.1989,362,10,1102,CCA1102
0,0.2043,368,12,3607,CCA3607
0,0.0734,208,4,1540,CCA1540
0,0.1049,233,4,3631,CCA3631
0,0.1545,308,4,127,CCA127
0,0.1189,278,10,5660,CCA5660
0,0.1514,303,10,3647,CCA3647
0,0.1137,254,10,2781,CCA2781
0,0.2134,397,12,3739,CCA3739
0,0.1509,331,12,3467,CCA3467
0,0.1837,378,5,318,CCA318
0,0.3772,582,2,221,CCA221
0,0.2833,469,3,210,CCA210
0,0.1774,348,2,3727,CCA3727
0,0.2639,501,2,1662,CCA1662
0,0.2675,592,3,251,CCA251
0,0.1466,296,3,125,CCA125
0,0.2126,390,3,185,CCA185
0,0.1626,301,10,1111,CCA1111
0,0.2032,377,10,1636,CCA1636
0,0.1617,326,15,3434,CCA3434
0,0.1496,339,15,295,CCA295
0,0.1412,343,10,5556,CCA5556
0.5,0.162,384,10,2216,CCA2216
0,0.1482,337,5,296,CCA296
0,0.1418,287,6,3661,CCA3661
0,0.1484,297,6,124,CCA124
0,0.1116,271,10,7285,CCA7285
0,0.1134,260,10,343,CCA343
0,0.2109,371,12,3779,CCA3779
1,0.2295,412,12,193,CCA193
0,0.264,451,7,211,CCA211
0.5,0.3299,519,10,213,CCA213
0.666666667,0.2326,426,5,196,CCA196
0,0.161,331,5,324,CCA324
0,0.1935,353,5,236,CCA236
0,0.1935,353,5,235,CCA235
