UniqueID,Yearplanted.x,Taxonsimplified_DN,Provenance.x,latitude,longitude,AICorrected,MAT,ISOT,AP,PDryM,MaxTWarmM,PrecDeficit,height_max_m,LeafLenghtavg_mm,LeafWidth_avg_mm,LeafAreaEst_cm2,Thornhill_bionomial_tip_match2,percentage_affected,per_aff_spavg,per_aff_spavg_shift,AICorrected_spavg,MAT_spavg,MAP_spavg,PDryM_spavg,MaxTWarmM_spavg,PrecDeficit_spavg,height_max_m_spavg,LeafLenghtavg_mm_spavg,LeafWidth_avg_mm_spavg,LeafAreaEst_cm2_spavg
1076,1995,Eucalyptus capitanea,"Koonibba, SA",-31.79277778,133.43,0.1214,17.28750038,50.14254409,270,11,29.5,-269.7778,4,100,29.5,20.65,eucalyptus_angulosa,0,0,1,0.147525,17.70520991,282.5,10,31.00000038,-282.286975,4.75,96.25,32.5,21.870625
1078,1995,Eucalyptus yumbarrana,"Yumbarra Con. Park, SA",-31.81222222,133.4577778,0.121,17.35833359,54.31951905,269,11,29.60000038,-268.7779,8,100,35,24.5,eucalyptus_yumbarrana,0,0,1,0.12325,17.36458302,273,11,29.69999981,-272.7787,8,100,35,24.5
1079,1995,Eucalyptus omissa,"Yumbarra Con. Park, SA",-31.82416667,133.4558333,0.1215,17.375,49.13638422,269,11,29.60000038,-268.7788,9,54,8,3.024,eucalyptus_leptophylla,0,0,1,0.1586,17.63333393,326.6666667,16.16666667,32.28333359,-326.4465167,8.833333333,58.41666667,7.916666667,3.2305
1081,1995,Eucalyptus sinuensis,"Madura Beach, WA",-32.04555556,127.0430556,0.112,17.57500076,56.41464102,242,12,28.5,-241.784,6,70,8.5,4.165,eucalyptus_discreta,0,0.125,1.125,0.17935,16.7916667,341.25,16.75,28.9750001,-341.056275,6.75,71,9.25,4.58675
1095,1995,Eucalyptus occidentalis,"Cape Arid, WA",-33.72305556,123.3672222,0.287,16.25833321,56.90489197,510,23,28.20000076,-509.8224,20,112.5,22.5,17.71875,eucalyptus_occidentalis,0.25,0.25,1.25,0.3056,16.15694427,531.3333333,21.33333333,28.26666705,-531.1596,20,112.5,22.5,17.71875
1099,1995,Eucalyptus quadrans,"Truslove, WA",-33.3675,121.6933333,0.2239,16.38333321,53.99011421,410,18,29.29999924,-409.817,12,80,10,5.6,eucalyptus_quadrans,0,0,1,0.2145,16.16249991,392.5,18,29.19999981,-392.3171,12,80,10,5.6
1101,1995,Eucalyptus kessellii subsp. kessellii,"Mt Ridley, WA",-33.25861111,122.1244444,0.2206,16.29166603,53.9886055,398,23,28.79999924,-397.8197,10,107.5,25,18.8125,eucalyptus_kessellii,0,0,1,0.2206,16.29166603,398,23,28.79999924,-397.8197,10,107.5,25,18.8125
1104,1995,Eucalyptus flocktoniae subsp. hebes,"Salmon Gums, WA",-33.14694444,122.1080556,0.203,16.19583321,53.6395216,367,23,28.79999924,-366.8193,8,100,15,10.5,eucalyptus_flocktoniae,0,0,1,0.2035,16.4781251,375.25,18.5,29.22500038,-375.061275,8,37,14.25,3.801
1108,1995,Eucalyptus incrassata,"Bremer Range, WA",-32.695,120.7838889,0.1533,16.23749924,54.38943713,293,12,29.60000038,-292.809,8,100,20,14,eucalyptus_incrassata,0,0.071428571,1.071428571,0.205571429,16.59880914,382.4285714,15.28571429,28.6857145,-382.2378714,8,100,20,14
1110,1995,Eucalyptus deflexa,"Lake King, WA",-32.92027778,120.3658333,0.1512,16.42916679,52.36625671,290,11,29.79999924,-289.8083,3,62.5,7,3.0625,eucalyptus_deflexa,0,0,1,0.1512,16.42916679,290,11,29.79999924,-289.8083,3,62.5,7,3.0625
1112,1995,Eucalyptus calycogona subsp. calycogona,"Lake King, WA",-33.0725,120.2169444,0.1626,15.91250038,51.38501104,301,12,28.89999962,-300.815,5,75,13.5,7.0875,eucalyptus_calycogona,0,0,1,0.161,17.09722201,328.6666667,11.66666667,31.56666629,-328.4613,8.333333333,68.33333333,10.83333333,5.244166667
1121,1995,Eucalyptus megacornuta,"Ravensthorpe Range, WA",-33.51194444,120.0388889,0.2086,15.8125,53.73302841,375,18,28.20000076,-374.8203,15,80,17.5,9.8,eucalyptus_megacornuta,0,0,1,0.2086,15.8125,375,18,28.20000076,-374.8203,15,80,17.5,9.8
1122,1995,Eucalyptus sporadica,"Ravensthorpe Range, WA",-33.51194444,120.0388889,0.2086,15.8125,49.77526746,375,18,28.20000076,-374.8203,4,75,13,6.825,eucalyptus_aspratilis,0.5,0.166666667,1.166666667,0.1629,16.61249919,325.3333333,15.33333333,30.86666692,-325.1300333,4.666666667,78.33333333,15,8.248333333
1123,1995,Eucalyptus oleosa subsp. corvina,"Ravensthorpe 1, WA",-33.57916667,120.0508333,0.202,16.52083397,NA,378,17,28.89999962,-377.813,8,82.5,13,7.5075,NA,0,0.295094937,1.295094937,NA,NA,NA,NA,NA,NA,NA,NA,NA,NA
11239,1999,Eucalyptus glaucina,"Casino, NSW",-29.14166667,153.0083333,0.0079,23.39583397,46.62061558,27,0,42.59999847,-26.6608,20,130,31,28.21,eucalyptus_glaucina,0.5,0.4,1.4,0.33752,18.34583313,587.2,24.8,32.21999969,-586.99022,20,131.5,25.9,23.80525
1133,1995,Eucalyptus staeri,"Wellstead, WA",-34.51277778,118.5777778,0.3361,15.625,57.26698303,538,22,27.10000038,-537.84,10,16.5,26.5,3.06075,eucalyptus_staeri,1,1,2,0.3361,15.625,538,22,27.10000038,-537.84,10,16.5,26.5,3.06075
1137,1995,Eucalyptus megacarpa,"Two Peoples Bay, WA",-34.91833333,118.1869444,0.5402,15.32499981,55.58943176,785,23,24,-784.8547,20,105,24,17.64,eucalyptus_megacarpa,1,1,2,0.5402,15.32499981,785,23,24,-784.8547,20,105,24,17.64
1147,1995,Corymbia haematoxylon,"Busselton, WA",-33.71611111,115.5261111,0.4581,16.82916641,51.51142369,842,10,29.10000038,-841.8163,15,18.5,27.5,3.56125,corymbia_haematoxylon,1,0.666666667,1.666666667,0.36375,17.84791821,711.5,9,31.10000019,-711.3004,10,44.25,31.25,10.355625
115,1993,Eucalyptus optima,"Balladonia, WA",-32.29277778,123.4972222,0.1512,17.20000076,53.71068954,295,17,31.20000076,-294.805,20,127.5,24.5,21.86625,eucalyptus_optima,0,0,1,0.1512,17.20000076,295,17,31.20000076,-294.805,20,127.5,24.5,21.86625
1150,1995,Eucalyptus laeliae,"Serpentine, WA",-32.36861111,116.0086111,0.5156,17.68333244,49.93112946,1060,15,31.79999924,-1059.7945,15,110,17.5,13.475,eucalyptus_laeliae,0,0,1,0.5156,17.68333244,1060,15,31.79999924,-1059.7945,15,110,17.5,13.475
1160,1995,Corymbia calophylla,"Cockleshell Gully, WA",-30.14083333,115.1158333,0.2506,19.72083282,52.06156037,555,7,33.70000076,-554.7786,40,130,37.5,34.125,corymbia_calophylla,1,0.5,1.5,0.2995,16.7763888,563.6666667,11,30.00000051,-563.4766,40,130,37.5,34.125
1164,1995,Eucalyptus accedens,"Dongara, WA",-29.43361111,115.3386111,0.2075,19.45416641,50.64338684,480,7,34.59999847,-479.7687,25,130,21,19.11,eucalyptus_accedens,0.25,0.25,1.25,0.2075,19.45416641,480,7,34.59999847,-479.7687,25,130,21,19.11
1168,1995,Eucalyptus diminuta,"Binnu, WA",-28.01055556,114.6733333,0.1464,20.42499924,51.0185025,349,4,35.70000076,-348.7617,4,82.5,13,7.5075,eucalyptus_diminuta,0,0,1,0.2034,19.46770811,464.5,7.25,34.62500038,-464.2696,NA,NA,NA,NA
1170,1995,Eucalyptus gittinsii subsp. gittinsii,"Mary Springs, WA",-27.76388889,114.6802778,0.1302,21,52.10525894,318,4,36.40000153,-317.756,5,102.5,21,15.0675,eucalyptus_gittinsii,0,0,1,0.1302,21,318,4,36.40000153,-317.756,5,102.5,21,15.0675
1176,1995,Eucalyptus selachiana,"Coburn Station, WA",-26.70222222,114.195,0.1119,22.04999924,51.7048132,288,2,36.90000153,-287.7427,3,75,13,6.825,eucalyptus_eudesmioides,0,0,1,0.1101,22.23333462,287,2.5,37.35000077,-286.73945,5.5,70,13.5,6.5975
1177,1995,Eucalyptus fruticosa,"Lake Macleod, WA",-24.05194444,113.4711111,0.0852,23.30833244,52.08656428,244,2,36.09999847,-243.7137,5,55,12,4.62,eucalyptus_fruticosa,0,0,1,0.140466667,21.65694295,340.3333333,2.666666667,34.46666616,-340.0838333,5,55,12,4.62
1178,1995,Eucalyptus victrix,"Lake Macleod,  WA",-24.01777778,113.4880556,0.0847,23.37083244,53.55346298,243,2,36.09999847,-242.7134,15,120,16.5,13.86,eucalyptus_victrix,0,0,1,0.0847,23.37083244,243,2,36.09999847,-242.7134,15,120,16.5,13.86
1182,1995,Eucalyptus ultima,"Cape Range 1, WA",-22.11888889,114.0513889,0.0959,24.52083397,53.39147186,279,2,37.5,-278.7093,4,80,8.5,4.76,eucalyptus_ultima,0,0,1,0.0959,24.52083397,279,2,37.5,-278.7093,4,80,8.5,4.76
1190,1995,Corymbia hamersleyana,"Mt Nameless, WA",-22.72166667,117.7572222,0.1311,22.91250038,49.31917572,390,4,38.09999847,-389.7027,8,122.5,15,12.8625,corymbia_hamersleyana,0,0,1,0.1311,22.91250038,390,4,38.09999847,-389.7027,8,122.5,15,12.8625
1202,1995,Eucalyptus normantonensis,"Pollock Hills, WA",-22.82805556,127.625,0.1034,24.91250038,46.45827866,342,5,39.5,-341.6695,8,80,13.5,7.56,eucalyptus_normantonensis,0,0,1,0.109,23.4020834,333,7,38.04999924,-332.6935,8,80,13.5,7.56
1209,1995,Eucalyptus gillenii,"Mt Gillen, WA",-23.725,133.8572222,0.1125,21.25416565,47.2044754,322,9,36.09999847,-321.7139,13,125,17.5,15.3125,eucalyptus_gillenii,0,0,1,0.10675,20.48749924,308,11,35.84999847,-307.71155,13,125,17.5,15.3125
1219,1996,Eucalyptus melliodora x E. sideroxylon,"Goolgowi, NSW",-33.91777778,145.9430556,0.2156,17.46249962,46.39572741,424,29,33.40000153,-423.8035,NA,NA,NA,NA,eucalyptus_melliodora,0.25,0.375,1.375,0.34,15.96874981,579,34.5,30.90000077,-578.82275,NA,NA,NA,NA
122,1993,Eucalyptus spreta,"Balladonia, WA",-32.22222222,123.365,0.1504,17.22500038,53.2837677,298,17,31.5,-297.802,10,100,13.5,9.45,eucalyptus_spreta,0,0,1,0.1504,17.22500038,298,17,31.5,-297.802,10,100,13.5,9.45
1220,1996,Eucalyptus microcarpa,"West Wyalong, NSW",-33.90361111,147.3011111,0.2565,16.72083282,48.08321988,496,33,32.20000076,-495.8067,25,105,20,14.7,eucalyptus_microcarpa,0.5,0.25,1.25,0.238666667,15.98611094,437.6666667,23.33333333,31,-437.4811667,21.66666667,101.6666667,17.5,12.57083333
1222,1999,Eucalyptus canobolensis,"Mt Canobolas, NSW",-33.34361111,148.9797222,0.8351,10.28750038,39.99272156,1085,62,23,-1084.8701,12,127.5,24,21.42,eucalyptus_canobolensis,0.8,0.8,1.8,0.8351,10.28750038,1085,62,23,-1084.8701,12,127.5,24,21.42
1226,1996,Eucalyptus pulverulenta,"Lithgow, NSW",-33.5475,150.11,0.6078,13.05000019,48.2470868,880,54,26.10000038,-879.8553,10,100,20,14,eucalyptus_pulverulenta,1,0.625,1.625,0.58065,11.7625001,799,46.5,25.35000019,-798.8628,10,100,20,14
1235,1996,Eucalyptus eugenioides,"Curricabark, NSW",-31.71694444,151.6266667,0.7252,14.99166679,48.35243547,1097,47,27.10000038,-1096.8488,25,115,22,17.71,eucalyptus_eugenioides,0.75,0.833333333,1.833333333,0.539233333,15.90416667,863.3333333,35.66666667,27.90000038,-863.1697,31.66666667,115,24.83333333,20.30583333
1238,2000,Eucalyptus microcorys,"Johns River, NSW",-31.69166667,152.7341667,0.8687,18.35833359,48.19819641,1391,47,26.70000076,-1390.8399,60,105,25,18.375,eucalyptus_microcorys,1,1,2,0.8687,18.35833359,1391,47,26.70000076,-1390.8399,60,105,25,18.375
1245,2000,Eucalyptus rummeryi,"Mallanganee, NSW",-28.93305556,152.705,0.6139,18.24166679,51.81159592,1036,31,28.79999924,-1035.8313,40,125,20,17.5,eucalyptus_rummeryi,0.666666667,0.666666667,1.666666667,0.6139,18.24166679,1036,31,28.79999924,-1035.8313,40,125,20,17.5
1246,1996,Corymbia variegata,"Drake, NSW",-28.89388889,152.4766667,0.5983,18.32916641,49.9791678,1024,31,29,-1023.8289,50,165,19,21.945,corymbia_citriodora,0,0.142857143,1.142857143,0.4527,19.64166821,832.5,26,30.9,-832.31015,50,165,18,20.79
125,1993,Eucalyptus cyclostoma,"Newman Rock, WA",-32.15944444,123.24,0.1466,17.39583397,52.97181702,296,16,31.79999924,-295.7983,3,80,12.5,7,eucalyptus_cyclostoma,0,0,1,0.1466,17.39583397,296,16,31.79999924,-295.7983,3,80,12.5,7
1253,1996,Eucalyptus punctata,"Dalveen, Qld",-28.49638889,151.9336111,0.5146,14.9333334,48.70316124,834,37,26.79999924,-833.838,35,120,25.5,21.42,eucalyptus_grisea,0.25,0.625,1.625,0.4185,16.6812501,742,30.5,29.29999924,-741.81825,31.5,72.5,35.25,14.6475
1254,1996,Eucalyptus infera,"Durikai State Forest, Qld",-28.39944444,151.7030556,0.4278,15.86666679,48.50347744,732,30,27.60000038,-731.829,8,85,28.5,16.9575,eucalyptus_infera,0,0.25,1.25,0.405,16.5374984,712,28,28.35000019,-711.824,8,85,28.5,16.9575
1259,1996,Corymbia maculata,"Helidon Hills, Qld",-27.44611111,152.1969444,0.5581,17.29999924,46.47798539,946,33,27,-945.8306,25,195,33.5,45.7275,corymbia_henryi,0.5,0.5,1.5,0.6794,18.05208302,1126.5,38.5,27,-1126.3337,25,195,33.5,45.7275
127,1993,Eucalyptus effusa subsp. effusa,"Fraser Range, WA",-32.05222222,122.965,0.1545,16.82083321,52.32862248,308,17,31.29999924,-307.8007,4,87.5,12.5,7.65625,eucalyptus_effusa,0,0,1,0.1297,17.52708161,270.5,15,32.24999962,-270.2894,4,87.5,12.5,7.65625
1276,1996,Eucalyptus sicilifolia,"Springsure, Qld",-24.08305556,148.0752778,0.3023,20.87916565,51.11323166,641,21,32.79999924,-640.7881,10,92.5,11.5,7.44625,eucalyptus_sicilifolia,0,0,1,0.3023,20.87916565,641,21,32.79999924,-640.7881,10,92.5,11.5,7.44625
1277,1996,Corymbia leichhardtii,"Springsure, Qld",-24.15111111,147.88,0.2882,21.60833359,51.73860931,637,20,33.90000153,-636.7791,15,175,24,29.4,corymbia_leichhardtii,0.75,0.75,1.75,0.2882,21.60833359,637,20,33.90000153,-636.7791,15,175,24,29.4
1279,1996,Eucalyptus tholiformis,"Springsure, Qld",-24.39694444,147.3713889,0.2771,20.98333359,48.21100998,600,21,33.59999847,-599.7836,15,16,21,2.352,eucalyptus_tholiformis,0,0,1,0.46595,18.47916699,801,35,30.14999962,-800.8153,11.5,53,19.25,6.6885
129,1993,Eucalyptus dundasii,"Fraser Range, WA",-32.025,122.7738889,0.1693,16.70833397,51.76767731,332,17,31,-331.804,15,90,11.5,7.245,eucalyptus_dundasii,0,0,1,0.1693,16.70833397,332,17,31,-331.804,15,90,11.5,7.245
1297,1996,Eucalyptus raveretiana,"Reid River, Qld",-19.82194444,146.7902778,0.352,23.91250038,52.6212883,759,11,33.09999847,-758.7844,30,126,22.5,19.845,eucalyptus_raveretiana,1,1,2,0.352,23.91250038,759,11,33.09999847,-758.7844,30,126,22.5,19.845
1300,1996,Eucalyptus tindaliae,"Paluma, Qld",-19.00777778,146.2708333,1.0589,22.15833282,48.2142868,2075,24,29.79999924,-2074.8041,30,100,24.5,17.15,eucalyptus_caliginosa,1,1,2,1.0589,22.15833282,2075,24,29.79999924,-2074.8041,30,100,24.5,17.15
1302,1996,Corymbia leptoloma,"Paluma, Qld",-19.01111111,146.0991667,0.7268,19.45833397,49.10394287,1297,11,28.10000038,-1296.8216,15,152,35.5,37.772,corymbia_leptoloma,0.5,0.5,1.5,0.7268,19.45833397,1297,11,28.10000038,-1296.8216,15,152,35.5,37.772
1306,1996,Corymbia rhodops,"Herberton, Qld",-17.38555556,145.3361111,0.8128,20.10000038,56.5412178,1465,10,28.89999962,-1464.8198,15,116,16.5,13.398,corymbia_rhodops,0,0,1,0.8128,20.10000038,1465,10,28.89999962,-1464.8198,15,116,16.5,13.398
1308,1996,Eucalyptus atrata,"Herberton, Qld",-17.38694444,145.3322222,0.8186,20.27083397,56.67562485,1482,10,29,-1481.819,15,23.5,24,3.948,eucalyptus_atrata,0.25,0.25,1.25,0.8186,20.27083397,1482,10,29,-1481.819,15,23.5,24,3.948
131,1993,Eucalyptus planipes,"Heartbreak Ridge, WA",-32.11833333,122.0086111,0.1546,16.88750076,49.42712472,310,20,31.60000038,-309.7996,8,95,19,12.635,eucalyptus_griffithsii,0,0,1,0.13165,17.5625001,282.75,15.75,32.47499971,-282.5346,8.5,98.125,18.625,12.7684375
1316,1996,Eucalyptus brassiana,"Battlecamp, Qld",-15.30416667,144.8075,0.8288,25.9375,59.96371651,1724,4,33.20000076,-1723.7921,20,16,17.5,1.96,eucalyptus_brassiana,1,1,2,0.69305,25.50625038,1458.5,3.5,33.80000115,-1458.28905,20,16,17.5,1.96
13398,1999,Eucalyptus tereticornis subsp. tereticornis,"Kupiano, PNG",-10.075,148.225,0.2023,26.96666718,55.47077292,1054,0,37.29999924,-1053.7977,50,150,22.5,23.625,eucalyptus_tereticornis,1,0.733333333,1.733333333,0.658233333,23.94583359,1462.333333,15.33333333,33.03333308,-1462.140367,50,150,22.5,23.625
1355,1996,Eucalyptus coolabah,"Palmer River, NT",-24.73611111,133.1827778,0.0964,21.85416603,47.09900284,282,11,37.79999924,-281.7076,10,125,17.5,15.3125,eucalyptus_coolabah,0,0,1,0.10775,20.64374924,283.5,14.5,36.44999886,-283.23425,10,125,17.5,15.3125
1368,1996,Eucalyptus malacoxylon,"Moonbi, NSW",-30.94166667,151.1416667,0.0754,12.17083359,38.65101242,146,1,30.89999962,-145.8065,20,195,30,40.95,eucalyptus_malacoxylon,1,1,2,0.0754,12.17083359,146,1,30.89999962,-145.8065,20,195,30,40.95
1369,1996,Eucalyptus dwyeri,"Rocky Glen, NSW",-31.00833333,150.675,0.018,21.52083397,41.23525864,57,1,41.90000153,-56.685,10,110,18.5,14.245,eucalyptus_dwyeri,0.25,0.125,1.125,0.2057,18.80208199,359.5,18.5,35.35000077,-359.2584,10,110,18.5,14.245
1393,2000,Eucalyptus oleosa subsp. oleosa,"Tarcoola, SA",-30.80472222,134.1347222,0.0737,19.06666756,50.42656556,196,10,33.90000153,-195.7342,10,13.5,12.5,1.18125,eucalyptus_oleosa,0,0,1,0.12384,17.69000023,275.2,15,32.60000023,-274.96948,10,13.5,12.5,1.18125
140,1993,Eucalyptus subtilis,"Daniell, WA",-32.52472222,121.6077778,0.1487,16.65416718,52.11320496,283,14,30.5,-282.8098,3,82.5,7.5,4.33125,eucalyptus_subtilis,0,0,1,0.164,16.38750077,313.5,14,30.55000019,-313.30905,3,82.5,7.5,4.33125
1405,1996,Eucalyptus gypsophila,"Yumbarra Con. Park, SA",-31.65777778,133.7786111,0.1117,17.46666718,53.38645554,255,10,30.39999962,-254.7719,6,97.5,20,13.65,eucalyptus_gypsophila,0,0,1,0.1117,17.46666718,255,10,30.39999962,-254.7719,6,97.5,20,13.65
147,1993,Eucalyptus misella,"Lort River, WA",-33.115,121.1947222,0.1724,16.34583282,53.71527863,320,15,29.39999962,-319.8144,4,6,11.5,0.483,eucalyptus_misella,0,0,1,0.1724,16.34583282,320,15,29.39999962,-319.8144,4,6,11.5,0.483
148,1993,Eucalyptus perangusta,"Lort River, WA",-33.10638889,121.1905556,0.1737,16.25833321,53.3973018,320,14,29.20000076,-319.8159,5,72.5,2,1.015,eucalyptus_perangusta,0,0,1,0.1778,16.10833161,324.5,14.5,28.60000038,-324.3176,5,72.5,2,1.015
150,1993,Eucalyptus angustissima,"Lort River 1, WA",-33.04611111,121.1722222,0.1676,16.375,52.33050919,312,14,29.10000038,-311.814,8,92.5,2.25,1.456875,eucalyptus_angustissima,0.25,0.25,1.25,0.1676,16.375,312,14,29.10000038,-311.814,8,92.5,2.25,1.456875
1535,1997,Eucalyptus youngiana,"Neale Junction, WA",-28.305,125.8436111,0.0683,20.6875,49.84025028,198,8,36.5,-197.7103,10,127.5,26,23.205,eucalyptus_youngiana,0,0,1,0.0876,19.116665,224.5,9,33.95,-224.23785,10,127.5,26,23.205
155,1993,Eucalyptus halophila,"Truslove, WA",-33.33833333,121.7472222,0.2182,16.49166679,54.51977539,401,19,29.29999924,-400.8163,4,65,8.5,3.8675,eucalyptus_halophila,0,0,1,0.2182,16.49166679,401,19,29.29999924,-400.8163,4,65,8.5,3.8675
1566,1996,Eucalyptus yilgarnensis,"Pigeon Rock, WA",-29.93722222,119.2588889,0.1006,18.89166641,45.25479261,246,13,35.20000076,-245.7556,10,65,10,4.55,eucalyptus_yilgarnensis,0,0,1,0.1051,18.76666821,255,13,34.75000038,-254.7575,10,65,10,4.55
157,1993,Eucalyptus rigens,"Truslove, WA",-33.34861111,121.7666667,0.2212,16.4375,54.69410113,405,19,29,-404.817,4,95,16,10.64,eucalyptus_rigens,0,0.125,1.125,0.2366,16.3375,426,19.5,28.6,-425.81985,4,95,16,10.64
1588,1997,Eucalyptus arenacea,"Pinnaroo, SA",-35.46638889,140.7736111,0.2086,15.73750019,51.67934418,387,18,30.79999924,-386.8146,10,95,27.5,18.2875,eucalyptus_arenacea,0.25,0.25,1.25,0.2086,15.73750019,387,18,30.79999924,-386.8146,10,95,27.5,18.2875
159,1993,Eucalyptus tumida,"Scaddan, WA",-33.40888889,121.8941667,0.2376,16.4375,55.02812958,433,21,29.39999962,-432.8179,3,80,18.5,10.36,eucalyptus_tumida,0,0,1,0.2376,16.4375,433,21,29.39999962,-432.8179,3,80,18.5,10.36
1590,1996,Eucalyptus wimmerensis,"Bordertown, SA",-36.06527778,140.7336111,0.264,15.22500038,48.56953208,455,18,30.10000038,-454.8277,12,65,11.5,5.2325,eucalyptus_polybractea,1,0.166666667,1.166666667,0.2374,16.67430557,419.6666667,16.5,31.8166666,-419.4750833,8.833333333,89.58333333,12.33333333,7.790416667
1603,1997,Eucalyptus percostata,"Devils Peak 2, SA",-32.41777778,138.9894444,NA,NA,NA,NA,NA,NA,NA,10,95,18.5,12.3025,eucalyptus_percostata,0,0,1,NA,NA,NA,NA,NA,NA,10,95,18.5,12.3025
1629,1997,Eucalyptus dissimulata subsp. dissimulata,"Lake Cairlocup, WA",-33.75777778,118.7775,0.2003,15.82083321,54.31179193,362,14,29,-361.8194,6,75,10,5.25,eucalyptus_dissimulata,0,0,1,0.19982,16.27249992,366,16,29.46000015,-365.81622,NA,NA,NA,NA
1660,1997,Eucalyptus pyriformis,"Dowerin, WA",-31.21361111,117.0044444,0.149,18.26250076,49.19928741,334,11,34.20000076,-333.776,5,75,22.5,11.8125,eucalyptus_pyriformis,0,0,1,0.149,18.26250076,334,11,34.20000076,-333.776,5,75,22.5,11.8125
1661,1997,Eucalyptus moderata,"Dowerin, WA",-31.35972222,117.0625,0.1571,18.01666641,48.92117936,348,11,34,-347.7786,10,20,16,2.24,eucalyptus_moderata,0,0,1,0.154066667,18.63610987,354.6666667,11,34.7,-354.4366333,10,20,16,2.24
1674,1997,Eucalyptus calcicola subsp. calcicola,"Boranup, WA",-34.15861111,115.0408333,0.6794,16.20416641,49.5370369,1145,16,25.60000038,-1144.8315,4,85,16,9.52,eucalyptus_calcicola,1,1,2,0.6794,16.20416641,1145,16,25.60000038,-1144.8315,4,85,16,9.52
1676,1997,Eucalyptus albens,"Melrose, SA",-32.9175,138.1588889,0.2313,15.82083321,45.76377487,487,20,30.79999924,-486.7895,25,21,30,4.41,eucalyptus_albens,0.25,0.125,1.125,0.2745,15.8062501,526,27.5,31.04999924,-525.80585,25,21,30,4.41
1689,1997,Eucalyptus cretata,"Darke Peak, SA",-33.45305556,136.2244444,0.1863,16.75416756,50.70556925,371,15,30.20000076,-370.8009,4,114,24,19.152,eucalyptus_cretata,0,0,1,0.15855,17.04166878,329,13.5,31.15000038,-328.79085,NA,NA,NA,NA
1715,1997,Eucalyptus gillii,"Gammon Ranges, SA",-30.60083333,139.0586111,0.0833,18.27499962,44.95322289,219,12,33.90000153,-218.7372,8,55,23.5,9.0475,eucalyptus_gillii,0,0,1,0.0611,18.88888842,158.6666667,7.666666667,34.7,-158.4034667,8,55,23.5,9.0475
1716,1997,Eucalyptus fasciculosa,"Salt Creek, SA",-36.28166667,139.7319444,0.3233,15.42500019,52.44089277,523,15,27.20000076,-522.8383,10,105,24,17.64,eucalyptus_fasciculosa,0.25,0.125,1.125,0.31545,14.9812501,516,16.5,28.00000038,-515.83645,10,105,24,17.64
1733,1997,Eucalyptus bosistoana,"Metung, Vic",-37.87777778,147.8541667,0.4895,14.57083321,48.72935105,709,42,25,-708.8552,60,129,17,15.351,eucalyptus_bosistoana,0.75,0.625,1.625,0.57535,14.4000001,809,39.5,24.69999981,-808.8589,60,129,17,15.351
1735,1997,Eucalyptus pseudoglobulus,"Metung, Vic",-37.87777778,147.8541667,0.4895,14.57083321,48.63183975,709,42,25,-708.8552,45,240,30,50.4,eucalyptus_globulus,1,1,2,0.4895,14.57083321,709,42,25,-708.8552,45,240,30,50.4
1737,1997,Eucalyptus mackintii,"Bruthen, Vic",-37.71027778,147.9852778,0.5604,14.01666641,49.67320633,799,48,24.79999924,-798.8575,30,157.5,36,39.69,eucalyptus_mackintii,1,1,2,0.5604,14.01666641,799,48,24.79999924,-798.8575,30,157.5,36,39.69
1739,1997,Eucalyptus botryoides,"Orbost, Vic",-37.75611111,148.5277778,0.6331,15.10000038,48.87905658,901,51,25.89999962,-900.8577,40,160,45,50.4,eucalyptus_botryoides,1,0.875,1.875,0.70665,15.02500019,1011,54.5,25.09999981,-1010.85685,40,160,45,50.4
1747,2004,Eucalyptus conspicua subsp. conspicua,"Narrabarba, NSW",-37.27388889,149.7980556,0.6903,14.64999962,47.34887058,902,58,23.89999962,-901.8694,10,140,29.5,28.91,eucalyptus_conspicua,0.75,0.875,1.875,0.7093,13.89999981,932.5,54.5,24.39999981,-932.3686,10,140,29.5,28.91
1749,1997,Eucalyptus sieberi,"Mt Imlay, NSW",-37.19166667,149.7583333,0.1575,18.30416679,36.12351227,519,5,30.79999924,-518.8425,35,140,25,24.5,eucalyptus_sieberi,1,1,2,0.1575,18.30416679,519,5,30.79999924,-518.8425,35,140,25,24.5
1750,1997,Eucalyptus longifolia,"Eden, NSW",-37.07444444,149.8852778,0.6431,15.19999981,50.18183144,849,47,24.5,-848.8681,35,170,21.5,25.585,eucalyptus_longifolia,0.75,0.625,1.625,0.5965,16.18541491,867,43.5,26.3,-866.8536,35,170,21.5,25.585
1751,1997,Eucalyptus spectatrix,"Bega, NSW",-36.65888889,149.9052778,0.6982,14.60416698,51.08172989,917,44,24.89999962,-916.8687,6,100,15,10.5,eucalyptus_stricta,1,1,2,0.6982,14.60416698,917,44,24.89999962,-916.8687,6,100,15,10.5
1752,1997,Corymbia maculata,"Narooma, NSW",-36.28166667,150.1247222,NA,NA,NA,NA,NA,NA,NA,25,195,33.5,45.7275,corymbia_maculata,0.75,0.75,1.75,NA,NA,NA,NA,NA,NA,25,195,33.5,45.7275
1755,2000,Eucalyptus recurva x E. viminalis subsp. Viminalis,"Mongarlowe, NSW",-35.38083333,149.9516667,0.5678,12.58333302,48.69684601,765,46,24.79999924,-764.8653,4,32,6,1.344,eucalyptus_recurva,1,1,2,0.5678,12.58333302,765,46,24.79999924,-764.8653,4,32,6,1.344
1761,1997,Eucalyptus beyeriana,"Bargo, NSW",-34.3125,150.5875,0.6855,14.8708334,47.86634445,994,44,25,-993.8551,20,105,13.5,9.9225,eucalyptus_beyeriana,0,0,1,0.6855,14.8708334,994,44,25,-993.8551,20,105,13.5,9.9225
1762,1997,Eucalyptus resinifera subsp. resinifera,"Bargo, NSW",-34.30694444,150.5919444,0.682,14.96249962,48.09870529,997,43,25,-996.8539,45,130,28,25.48,eucalyptus_resinifera,1,1,2,0.682,14.96249962,997,43,25,-996.8539,45,130,28,25.48
1763,1997,Eucalyptus parramattensis subsp. parramattensis,"Thirlmere, NSW",-34.21722222,150.5502778,0.6255,15.23750019,49.0216465,927,40,25.60000038,-926.8519,15,110,18.5,14.245,eucalyptus_parramattensis,0.5,0.75,1.75,0.58765,16.4354167,916.5,42.5,26.75,-916.3436,15,110,18.5,14.245
177,1996,Eucalyptus notactites,"Lucky Bay, WA",-33.98194444,122.2155556,0.4151,16.20833397,56.73572949,715,21,26.39999962,-714.8278,3,112.5,27.5,21.65625,eucalyptus_goniantha,0.25,0.625,1.625,0.4383,15.86041699,698.5,22.5,25.84999981,-698.34005,5,107.5,28.75,21.590625
1798,1997,Eucalyptus leucoxylon subsp. pruinosa,"Kingston SE, SA",-36.82638889,139.9202778,0.3901,15.1875,50.24754688,604,16,27.29999924,-603.8453,25,130,20,18.2,eucalyptus_leucoxylon,0,0.4,1.4,0.38488,14.73916672,576,23.8,27.5800003,-575.84446,22,130,22.7,20.79875
1800,1997,Eucalyptus aromaphloia,"Carpenter Rocks, SA",-37.925,140.425,0.159,17.54999924,35.01118469,397,6,33.09999847,-396.841,4,19,23.5,3.1255,eucalyptus_aromaphloia,1,1,2,0.159,17.54999924,397,6,33.09999847,-396.841,4,19,23.5,3.1255
1804,1997,Eucalyptus socialis subsp. socialis,"Roseworthy, SA",-34.50305556,138.6947222,0.2355,16.50416565,50.23730469,458,18,31,-457.8056,10,95,16,10.64,eucalyptus_socialis,0,0,1,0.182733333,16.82083321,365.6666667,18,31,-365.4656,10,95,16,10.64
1813,1997,Eucalyptus cooperiana,"Eyre Bird Observatory, WA",-32.14083333,126.2952778,0.1045,17.44166756,60.32388687,237,11,29.39999962,-236.7734,4,85,17.5,10.4125,eucalyptus_cooperiana,0,0,1,0.1045,17.44166756,237,11,29.39999962,-236.7734,4,85,17.5,10.4125
1826,1997,Eucalyptus assimilans,"Balladonia, WA",-32.24944444,123.4233333,0.152,17.10833359,53.44611359,297,17,31.20000076,-296.8047,15,125,27.5,24.0625,eucalyptus_assimilans,0,0,1,0.152,17.10833359,297,17,31.20000076,-296.8047,15,125,27.5,24.0625
1853,1997,Eucalyptus neutra,"Newdegate 1, WA",-33.10055556,118.8897222,0.1844,16.375,53.4178524,358,13,30.89999962,-357.806,6,80,15,8.4,eucalyptus_neutra,0,0,1,0.20355,16.48333359,382.75,14.5,30.42499972,-382.558625,6,80,15,8.4
1897,1997,Eucalyptus comitae-vallis,"Marchagee, WA",-30.11361111,115.9916667,0.1623,19.16250038,49.55196762,385,8,34.90000153,-384.7629,7,80,10.5,5.88,eucalyptus_comitae-vallis,0,0,1,0.1623,19.16250038,385,8,34.90000153,-384.7629,7,80,10.5,5.88
195,1995,Eucalyptus uncinata subsp. Uncinata,"Eldverton, WA",-33.73472222,120.1911111,0.2326,16.72916603,56.8526091,426,16,28.10000038,-425.8169,8,77.5,13.5,7.32375,eucalyptus_uncinata,0,0,1,0.202533333,16.54305534,374,18,28.40000013,-373.8142333,8,77.5,14.33333333,7.775833333
1953,1997,Eucalyptus peninsularis,"Karkoo, SA",-34.13166667,135.7283333,0.2326,16.32083321,50.77439286,427,10,29,-426.8165,6,100,16.5,11.55,eucalyptus_stockeri,0,0,1,0.272266667,15.82361101,480.3333333,11.33333333,28,-480.1565,6,100,16.5,11.55
207,1993,Eucalyptus vegrandis subsp. vegrandis,"Jerramungup, WA",-34.0725,119.0452778,0.2506,15.9416666,54.92954636,440,18,28,-439.8245,6,60,7,2.94,eucalyptus_vegrandis,0,0,1,0.2297,15.77291679,405,16.5,28.30000019,-404.8237,6,60,7,2.94
2072,1998,Eucalyptus squamosa,"Glenbrook, NSW",-33.795,150.5705556,0.6674,15.75,49.60876465,1009,42,26,-1008.8489,15,95,14.5,9.6425,eucalyptus_squamosa,0.25,0.25,1.25,0.6674,15.75,1009,42,26,-1008.8489,15,95,14.5,9.6425
2082,1998,Angophora costata subsp. euryphylla,"Broken Back Range, NSW",-32.77083333,151.2191667,0.713,15.69999981,48.40185187,1078,54,26.60000038,-1077.8489,25,155,35,37.975,angophora_costata,0.5,0.166666667,1.166666667,0.719733333,17.14444302,1168.666667,40,27.96666692,-1168.500567,26.66666667,130.8333333,24.16666667,23.29833333
2083,1998,Eucalyptus aenea,"Gungal, NSW",-32.29277778,150.4111111,0.4056,16.45416641,47.86256897,680,38,28.89999962,-679.8324,5,80,13.5,7.56,eucalyptus_viridis,0,0,1,0.279275,16.4645816,519,24.5,29.97499991,-518.805375,9.25,75,11.375,5.92375
2099,1998,Eucalyptus ophitica,"Baryulgil, NSW",-29.29388889,152.6363889,0.6461,18.48749924,50.56560898,1096,30,28.70000076,-1095.8304,10,124,21,18.228,eucalyptus_ophitica,0,0,1,0.6461,18.48749924,1096,30,28.70000076,-1095.8304,10,124,21,18.228
2111,1998,Eucalyptus melanoleuca,"Yarraman, Qld",-26.78666667,151.9575,0.4731,17.71666718,45.39217458,830,34,28.39999962,-829.8246,30,16,25,2.8,eucalyptus_melanoleuca,0.25,0.625,1.625,0.2457,22.90624859,446,17,35.49999981,-445.74385,30,16,25,2.8
2112,1998,Eucalyptus longirostrata,"Cracow, Qld",-25.44611111,150.3088889,0.3329,19.96249962,50.03217697,658,25,32.09999847,-657.8024,30,130,24,21.84,eucalyptus_longirostrata,1,1,2,0.3329,19.96249962,658,25,32.09999847,-657.8024,30,130,24,21.84
2116,1998,Eucalyptus virens,"Maranoa River, Qld",-25.19972222,147.9361111,0.3058,18.39583397,48.85964966,612,21,31.79999924,-611.8,25,82.5,14.5,8.37375,eucalyptus_virens,0,0,1,0.3058,18.39583397,612,21,31.79999924,-611.8,25,82.5,14.5,8.37375
21163,2018,,"Mindanao, Phil.",NA,NA,NA,NA,NA,NA,NA,NA,NA,NA,NA,NA,NA,eucalyptus_deglupta,0.5,0.5,1.5,NA,NA,NA,NA,NA,NA,NA,NA,NA,NA
2120,1998,Corymbia terminalis,"Charleville, Qld",-26.65333333,145.5636111,0.1668,21.21249962,44.65884018,405,17,35.29999924,-404.7573,18,140,21,20.58,corymbia_terminalis,0,0,1,0.1668,21.21249962,405,17,35.29999924,-404.7573,18,140,21,20.58
2129,2000,Eucalyptus yalatensis,"Nullarbor, SA",-31.53611111,130.685,0.104,17.52916718,56.05547586,214,11,28.29999924,-213.7943,7,90,15.5,9.765,eucalyptus_yalatensis,0,0,1,0.1606,17.09305573,312.6666667,12.66666667,28.66666641,-312.4705,7,90,15.5,9.765
2163,2001,Eucalyptus longissima,"Norseman 2, WA",-32.15222222,121.7372222,0.1447,17.48749924,50.46992493,298,19,32,-297.7942,8,82.5,11.5,6.64125,eucalyptus_eremicola,0,0,1,0.1447,17.48749924,298,19,32,-297.7942,8,82.5,11.5,6.64125
2166,2000,Eucalyptus brockwayi,"Norseman 1, WA",-32.1525,121.7075,0.1489,17.15833282,50.12626266,299,19,31.60000038,-298.7992,15,110,13,10.01,eucalyptus_brockwayi,0,0,1,0.1489,17.15833282,299,19,31.60000038,-298.7992,15,110,13,10.01
2190,2000,Eucalyptus kochii subsp. amaryssia,"Lake Barlee, WA",-29.27388889,120.2847222,0.0886,19.61666679,46.2558291,229,8,35.70000076,-228.7418,12,90,10,6.3,eucalyptus_kochii,0,0,1,0.11844,18.78583385,284.6,11.2,34.92,-284.35514,11.2,91,9.2,5.915
2227,1999,Eucalyptus ecdysiastes,"Cadoux, WA",-30.77611111,117.1677778,0.1496,18.12083244,51.09524692,339,12,34.09999847,-338.7735,11,67.5,8,3.78,eucalyptus_horistes,0,0.068181818,1.068181818,0.162390909,17.55681837,327.3636364,14,31.89090867,-327.1523091,10.72727273,61.59090909,7.840909091,3.512727273
230,1993,Eucalyptus wandoo subsp. wandoo,"Stirling Range, WA",-32.35361111,118.0691667,0.1587,17.32083321,50.29879761,331,11,32.59999847,-330.7915,18,100,19,13.3,eucalyptus_wandoo,0.125,0.041666667,1.041666667,0.161666667,17.79861069,353.3333333,11,33.4666659,-353.1153333,17,100,19,13.3
2300,1999,Eucalyptus woodwardii,"Coonana, WA",-31.02194444,123.1130556,0.11,17.95000076,49.59207535,248,15,33,-247.7746,10,140,35,34.3,eucalyptus_woodwardii,0,0,1,0.11,17.95000076,248,15,33,-247.7746,10,140,35,34.3
2303,1999,Eucalyptus hypolaena,"Zanthus, WA",-31.02888889,123.3688889,0.1011,18.07083321,51.32857918,228,13,32.90000153,-227.7747,15,25,21.5,3.7625,eucalyptus_hypolaena,0,0,1,0.105125,18.26458401,235.5,13.25,33.075,-235.27365,15,96.25,21.5,14.485625
2306,1999,Eucalyptus salmonophloia,"Zanthus, WA",-31.03555556,123.6694444,0.0917,18.42499924,51.50987244,211,11,33.29999924,-210.7701,25,90,11.5,7.245,eucalyptus_salmonophloia,0,0,1,0.0917,18.42499924,211,11,33.29999924,-210.7701,25,90,11.5,7.245
234,1995,Eucalyptus spathulata subsp. spathulata,"Katanning, WA",-33.68777778,117.7491667,0.2168,15.97916698,52.32638931,401,12,29.79999924,-400.8152,10,4,4,0.112,eucalyptus_spathulata,0,0,1,0.2168,15.97916698,401,12,29.79999924,-400.8152,10,4,4,0.112
237,1993,Eucalyptus quaerenda,"Chinocup Lake, WA",-33.53361111,118.3927778,0.1855,16.08749962,50.69750595,343,14,29,-342.8152,4,72.5,5.5,2.79125,eucalyptus_quaerenda,0,0,1,0.1855,16.08749962,343,14,29,-342.8152,4,72.5,5.5,2.79125
238,1993,Eucalyptus tenera,"Lake Chinocup, WA",-33.53111111,118.3769444,0.1852,16.10000038,50.51395035,345,13,29.10000038,-344.8138,4,53.5,9.5,3.55775,eucalyptus_tenera,0,0,1,0.1852,16.10000038,345,13,29.10000038,-344.8138,4,53.5,9.5,3.55775
239,1993,Eucalyptus loxophleba subsp. loxophleba,"Tarin Rock, WA",-33.04305556,118.1055556,0.1828,16.1875,51.05363846,351,12,31.20000076,-350.8081,15,112.5,15,11.8125,eucalyptus_loxophleba,0.333333333,0.333333333,1.333333333,0.1828,16.1875,351,12,31.20000076,-350.8081,15,112.5,15,11.8125
2435,1999,Eucalyptus intertexta,"Alice Springs, NT",-23.32472222,133.7952778,0.1178,21.02083397,45.99393865,333,8,36.09999847,-332.7174,20,105,16.5,12.1275,eucalyptus_intertexta,0,0,1,0.128725,20.3291675,338.5,11.75,35.24999981,-338.230075,20,105,16.5,12.1275
2440,1999,Eucalyptus pruinosa subsp. pruinosa,"Tennant Creek, NT",-19.72555556,134.1897222,0.1345,25.5625,48.69593048,424,1,37.29999924,-423.6849,10,110,70,53.9,eucalyptus_pruinosa,0,0,1,0.1345,25.5625,424,1,37.29999924,-423.6849,10,110,70,53.9
248,1993,Eucalyptus petrensis,"Seabird, WA",-31.28694444,115.4486111,0.075,19.87916756,50.85390282,155,0,32.20000076,-154.7936,3,98.5,19,13.1005,eucalyptus_petrensis,0.5,0.625,1.625,0.1639,17.77500058,293.5,9,30,-293.3114,4,87.5,18.75,11.503625
2506,1999,Eucalyptus moluccana,"Mt Garnet, Qld",-17.7275,145.0475,0.4462,21.47500038,54.33745708,879,6,31,-878.8031,30,120,40,33.6,eucalyptus_moluccana,0.75,0.375,1.375,0.439,21.76666519,875.5,18,31.25,-875.3006,30,120,40,33.6
2508,1999,Eucalyptus shirleyi,"Lappa Junction, Qld",-17.62444444,144.9852778,0.4158,21.94166565,57.27388732,837,6,31.60000038,-836.7988,12,90,55,34.65,eucalyptus_melanophloia,0,0.166666667,1.166666667,0.3974,22.45277855,836.6666667,4.333333333,32.36666679,-836.4556333,12,90,55,34.65
2514,1999,Eucalyptus drepanophylla,"Coen, Qld",-14.59916667,143.4397222,0.5734,25.15833282,52.87403906,1231,2,34.5,-1230.7854,35,117.5,17,13.9825,eucalyptus_crebra,0,0.142857143,1.142857143,0.3501,22.14345154,742,15,33.20000011,-741.7873429,35,117.5,17,13.9825
2520,1999,Eucalyptus staigeriana,"Maitland Downs, Qld",-16.20277778,144.7519444,0.4802,23.82916641,60.65062332,982,4,32.70000076,-981.7956,12,75,22,11.55,eucalyptus_exilipes,0,0,1,0.4802,23.82916641,982,4,32.70000076,-981.7956,12,75,22,11.55
2521,1999,Eucalyptus tardecidens,"Maitland Downs, Qld",-16.37833333,144.7361111,0.4435,24.18333435,59.78835678,918,3,33.20000076,-917.7931,10,112.5,16.5,12.99375,eucalyptus_talyuberlup,1,1,2,0.4435,24.18333435,918,3,33.20000076,-917.7931,10,112.5,16.5,12.99375
2526,1999,Eucalyptus howittiana,"Valley of Lagoons, Qld",-18.62083333,145.1861111,0.4875,21.91666603,54.39814758,993,9,31.79999924,-992.7964,25,100,29,20.3,eucalyptus_howittiana,0.75,0.75,1.75,0.4875,21.91666603,993,9,31.79999924,-992.7964,25,100,29,20.3
2533,1999,Eucalyptus quadricostata,"Pentland, Qld",-20.48055556,145.3161111,0.2719,22.64999962,50.62783388,631,9,33.79999924,-630.768,14,130,24,21.84,eucalyptus_quadricostata,0.75,0.375,1.375,0.28045,21.82499981,626,10,32.89999962,-625.7766,14,130,24,21.84
2545,1999,Eucalyptus decolor,"Boynedale, Qld",-24.1975,151.2755556,0.4871,21.26666641,50.65359497,912,30,30.29999924,-911.8128,25,97.5,15,10.2375,eucalyptus_decolor,0.5,0.5,1.5,0.4871,21.26666641,912,30,30.29999924,-911.8128,25,97.5,15,10.2375
2552,1999,Angophora melanoxylon,"St George, Qld",-27.96277778,148.6872222,0.2488,20.21666718,47.5788269,540,23,34.29999924,-539.783,15,60,14,5.88,angophora_melanoxylon,0,0,1,0.2488,20.21666718,540,23,34.29999924,-539.783,15,60,14,5.88
2583,2000,Eucalyptus froggattii,"Mitre, Vic",-36.67888889,141.7355556,0.2697,14.52499962,43.61800385,452,20,29.29999924,-451.8325,10,97.5,18.5,12.62625,eucalyptus_froggattii,0.75,0.375,1.375,0.22245,12.06874991,369.5,10.5,30.34999943,-369.3344,10,97.5,18.5,12.62625
2587,2000,Eucalyptus calcareana,"Kimba, SA",-33.22555556,136.3319444,0.1745,16.46249962,54.58076753,354,15,30.5,-353.7973,8,107.5,17.5,13.16875,eucalyptus_calcareana,0,0,1,0.1569,17.11388906,320,12.66666667,30.23333321,-319.7934333,8,107.5,17.5,13.16875
2633,2002,Eucalyptus wyolensis,"Oak Valley 2, SA",-29.33583333,130.2213889,0.0622,19.37916756,51.44068146,173,9,34.59999847,-172.7221,7,75,45,23.625,eucalyptus_wyolensis,0,0,1,0.0622,19.37916756,173,9,34.59999847,-172.7221,7,75,45,23.625
265,1994,Eucalyptus erythrocorys,"Lake Logue, WA",-29.87138889,115.0880556,0.2336,19.92083359,52.63414761,530,6,34,-529.7732,8,145,21,21.315,eucalyptus_erythrocorys,0,0,1,0.177533333,20.6986112,410.6666667,3.666666667,34.76666667,-410.4345667,8,145,21,21.315
267,1993,Eucalyptus zopherophloia,"Cliff Head, WA",-29.58861111,114.9783333,0.2249,20.01666641,50.63025665,497,4,33.09999847,-496.7792,4,74,9,4.662,eucalyptus_zopherophloia,0,0,1,0.2249,20.01666641,497,4,33.09999847,-496.7792,4,74,9,4.662
269,1993,Eucalyptus oraria,"Dongara, WA",-29.18416667,114.9166667,0.2152,20.42083359,51.71703911,497,4,34.40000153,-496.7691,7,82.5,15.5,8.95125,eucalyptus_oraria,0,0,1,0.1926,20.56666661,444,3.5,34.10000039,-443.7696,7,82.5,15.5,8.95125
2715,2000,Eucalyptus concinna,"Cosmo Newbery, WA",-27.83472222,123.9272222,0.0718,21.11249924,45.53613154,209,8,37.09999847,-208.7093,8,106.5,14,10.437,eucalyptus_concinna,0,0,1,0.0886,20.12916462,235.5,10.5,36.34999924,-235.23045,8,106.5,14,10.437
2717,2000,Eucalyptus salubris,"Laverton, WA",-28.55888889,122.4880556,0.0859,20.01250076,46.52182007,234,10,35.59999847,-233.7279,15,85,11,6.545,eucalyptus_salubris,0,0,1,0.0975,19.1833334,244,12,34.5,-243.74765,15,85,11,6.545
272,1993,Eucalyptus blaxellii,"Moresby Range, WA",-28.70166667,114.695,0.2136,20.27916718,50.56217194,477,5,34.29999924,-476.7768,3,80,7.5,4.2,eucalyptus_blaxellii,0,0,1,0.2136,20.27916718,477,5,34.29999924,-476.7768,3,80,7.5,4.2
273,1993,Eucalyptus dolichocera,"Mullewa, WA",-28.70111111,115.095,0.1764,19.92499924,52.70875931,412,6,35.29999924,-411.7665,6,105,17.5,12.8625,eucalyptus_dolichocera,0,0,1,0.17225,20.48333264,402.5,4.5,34.94999886,-402.26645,6,105,17.5,12.8625
2738,2000,Eucalyptus pimpiniana,"Mulga Rockhole, WA",-29.9825,123.1283333,0.1001,18.68333435,47.50567245,243,11,33.79999924,-242.7574,2,102.5,25,17.9375,eucalyptus_pimpiniana,0,0,1,0.1001,18.68333435,243,11,33.79999924,-242.7574,2,102.5,25,17.9375
2752,2000,Corymbia ferriticola,"Meekatharra, WA",-26.36333333,118.4094444,0.0715,22.33333397,41.88034058,219,3,38.40000153,-218.6941,15,70,14,6.86,corymbia_ferriticola,0.5,0.5,1.5,0.0715,22.33333397,219,3,38.40000153,-218.6941,15,70,14,6.86
2774,2000,Eucalyptus orbifolia,"Diemals Station, WA",-29.62055556,118.9122222,0.1081,18.70833397,45.14912056,263,13,35.09999847,-262.757,5,37.5,31.5,8.26875,eucalyptus_orbifolia,0.5,0.25,1.25,0.10865,19.09791699,271,12.5,35.59999924,-270.75085,5,37.5,31.5,8.26875
281,1993,Eucalyptus stowardii,"Latham, WA",-29.86611111,116.3697222,0.1365,19.49583244,48.94766998,335,8,36.09999847,-334.7547,5,99,22.5,15.5925,eucalyptus_stowardii,0,0,1,0.1365,19.49583244,335,8,36.09999847,-334.7547,5,99,22.5,15.5925
287,1993,Eucalyptus armillata,"Pithara, WA",-30.28388889,116.8730556,0.1375,19.04166603,47.887043,331,12,35.29999924,-330.7594,7,57.5,10,4.025,eucalyptus_erythronema,0,0,1,0.1425,18.42291641,331.5,12,34.5,-331.26725,6.5,61.25,11,4.7425
2899,2000,Eucalyptus polyanthemos subsp. polyanthemos,"Adelong, NSW",-35.26583333,147.9394444,0.4878,14.76666641,48.31081009,814,40,30.89999962,-813.8332,20,80,34,19.04,eucalyptus_polyanthemos,1,1,2,0.4878,14.76666641,814,40,30.89999962,-813.8332,20,80,34,19.04
2905,2000,Eucalyptus globoidea,"Tomerong, NSW",-35.03111111,150.4566667,0.7892,15.1875,47.29610062,1143,58,24.5,-1142.8552,40,102.5,26,18.655,eucalyptus_globoidea,0.75,0.75,1.75,0.7892,15.1875,1143,58,24.5,-1142.8552,40,102.5,26,18.655
2911,2000,Eucalyptus scias subsp. scias,"West Head, NSW",-33.57888889,151.3080556,0.8464,17.10416603,44.51381567,1313,66,24.89999962,-1312.8449,20,135,40,37.8,eucalyptus_scias,1,0.5,1.5,0.76115,15.59583302,1155,53,24.54999981,-1154.84875,25,132.5,32,29.82
2918,2000,Eucalyptus fergusonii subsp. fergusonii,"Karuah, NSW",-32.64027778,151.9897222,0.7635,17.65833282,47.82225374,1213,61,26.70000076,-1212.8412,30,120,23.5,19.74,eucalyptus_paniculata,0.25,0.4375,1.4375,0.70445,17.40729071,1113,53.25,26.77500019,-1112.842225,27.5,118.75,23.5,19.55625
292,1993,Eucalyptus rigidula,"Ballidu, WA",-30.68833333,116.7719444,0.147,18.67500114,50.31516145,341,12,34.70000076,-340.7682,5,75,10.5,5.5125,eucalyptus_rigidula,0,0,1,0.128633333,18.93680519,301,10.66666667,34.55000013,-300.7655167,5,75,9.833333333,5.1625
2927,2000,Eucalyptus scopulorum,"Peregrine Point, NSW",-29.6125,152.2027778,0.6759,14.08749962,45.12882233,997,40,24.20000076,-996.8526,8,85,26.5,15.7675,eucalyptus_scopulorum,0,0,1,0.6759,14.08749962,997,40,24.20000076,-996.8526,8,85,26.5,15.7675
2932,2000,Eucalyptus exserta,"Inglewood, Qld",-28.49055556,151.4513889,0.3765,18.09583282,48.82254391,709,31,31.39999962,-708.8117,20,14,17,1.666,eucalyptus_nudicaulis,0.2,0.158333333,1.158333333,0.341016667,20.2131938,687.8333333,24,32.68333327,-687.6189833,15.33333333,46.41666667,17,5.459416667
2939,2000,Eucalyptus rubida subsp. barbigerorum,"Glen Innes, NSW",-29.64416667,151.8158333,0.5872,13.41666698,48.87554734,892,39,25.20000076,-891.8482,15,150,23,24.15,eucalyptus_rubida,1,0.5,1.5,0.558333333,12.36805566,791,42,25.43333359,-790.8579333,18.33333333,135,21.66666667,20.545
2945,2000,Eucalyptus magnificata,"Enmore, NSW",-30.71916667,151.7222222,0.5528,13.46666718,49.87179565,836,38,26.5,-835.8488,8,100,47.5,33.25,eucalyptus_magnificata,0.75,0.75,1.75,0.5528,13.46666718,836,38,26.5,-835.8488,8,100,47.5,33.25
2946,2000,Eucalyptus cypellocarpa,"Kingstown, NSW",-30.51083333,151.0241667,0.4851,14.34583378,47.50630951,792,38,27.70000076,-791.8368,65,197.5,29,40.0925,eucalyptus_quinniorum,1,1,2,0.4851,14.34583378,792,38,27.70000076,-791.8368,65,197.5,29,40.0925
2948,2000,Eucalyptus elliptica,"Hanging Rock, NSW",-31.46666667,151.1841667,0.6625,12.55000019,47.74297522,949,50,25.10000038,-948.8568,20,135,21.5,20.3175,eucalyptus_elliptica,1,0.583333333,1.583333333,0.645366667,12.4805534,918,47,25.10000013,-917.8578,16.66666667,130.8333333,21,19.26166667
2950,2000,Eucalyptus bridgesiana,"Nundle, NSW",-31.46666667,151.1841667,0.6625,12.55000019,45.38927142,949,50,25.10000038,-948.8568,25,160,20,22.4,eucalyptus_bridgesiana,0.5,0.791666667,1.791666667,0.630225,12.77395755,925.75,49.75,26.6000001,-925.6015,25,160,20,22.4
2951,2000,Eucalyptus nortonii,"Mudgee, NSW",-32.71388889,149.4783333,0.483,14.6875,46.40827768,785,47,28.60000038,-784.8375,15,192.5,27.5,37.05625,eucalyptus_nortonii,1,1,2,0.47425,13.429165,715.5,45,26.70000019,-715.3494,15,192.5,27.5,37.05625
2964,2000,Eucalyptus vicina,"Mootwingie 1, NSW",-31.29472222,142.3080556,0.1015,19.35000038,44.21693168,252,16,34.40000153,-251.7519,8,107.5,17,12.7925,eucalyptus_vicina,0,0,1,0.1514,18.7135426,333.75,20.5,33.82500038,-333.5232,8,107.5,17,12.7925
297,1993,Eucalyptus synandra,"Jingymia, WA",-30.51472222,117.4097222,0.1366,18.75833321,47.03832626,326,12,34.90000153,-325.7614,4,135,7.5,7.0875,eucalyptus_synandra,0,0,1,0.1366,18.75833321,326,12,34.90000153,-325.7614,4,135,7.5,7.0875
302,1993,Eucalyptus sheathiana,"Mukinbudin, WA",-30.87611111,118.705,0.127,18.08749962,47.74047055,292,12,33.90000153,-291.7703,10,104,13,9.464,eucalyptus_vittata,0,0,1,0.14375,17.66770901,317,12.25,33.15000019,-316.777325,12,107,14,10.507
305,1993,Eucalyptus corrugata,"Westonia, WA",-31.28916667,118.6722222,0.1413,18.18333435,48.26989365,326,12,34.20000076,-325.7694,15,110,16,12.32,eucalyptus_corrugata,0,0,1,0.1413,18.18333435,326,12,34.20000076,-325.7694,15,110,16,12.32
316,1993,Eucalyptus myriadena,"Hyden, WA",-32.45,118.8672222,0.1655,17.12083435,50.91582513,348,15,32.79999924,-347.7898,10,75,9,4.725,eucalyptus_myriadena,0,0,1,0.156533333,18.08889038,340.6666667,12,33.46666629,-340.4465333,10,75,9,4.725
3179,2001,Eucalyptus rugosa,"Sleaford Bay 1, SA",-34.91527778,135.6791667,0.3047,15.70833302,49.7365886,490,12,24.89999962,-489.8393,10,85,18.5,11.0075,eucalyptus_rugosa,0.75,0.583333333,1.583333333,0.363733333,15.33333101,560.3333333,12.66666667,24.19999987,-560.1777333,10,85,18.5,11.0075
318,1993,Eucalyptus livida,"North Ironcap, WA",-32.35694444,119.6655556,0.1837,16.5,50.1243782,378,15,31.39999962,-377.7943,5,92.5,17.5,11.33125,eucalyptus_livida,0,0,1,0.1837,16.5,378,15,31.39999962,-377.7943,5,92.5,17.5,11.33125
3180,2001,Eucalyptus albopurpurea,"Sleaford Mere 2, SA",-34.83305556,135.7330556,0.3017,15.75833321,42.57080135,491,12,25.60000038,-490.8373,5,105,21,15.435,eucalyptus_albopurpurea,0.5,0.5,1.5,0.19965,13.26041661,329.5,6,28.50000019,-329.33265,5,105,21,15.435
3183,2001,Eucalyptus behriana,"Edillilie, SA",-34.46166667,135.6891667,0.2803,16.37916565,50.63453315,500,12,28.20000076,-499.8217,12,87.5,31.5,19.29375,eucalyptus_behriana,1,0.25,1.25,0.239075,16.05729391,450.75,13.75,29.65000019,-450.5607,12,87.5,31.5,19.29375
3204,2001,Angophora subvelutina,"Mulgoa, NSW",-33.83555556,150.6527778,0.5311,16.92083359,51.9709549,857,39,28.20000076,-856.8387,20,90,35,22.05,angophora_subvelutina,0.75,0.75,1.75,0.5311,16.92083359,857,39,28.20000076,-856.8387,20,90,35,22.05
326,1993,Eucalyptus tenuis,"Mt Day, WA",-32.12416667,120.4922222,0.1492,16.68333244,49.9373436,307,13,31.39999962,-306.7943,10,15,11,1.155,eucalyptus_tenuis,0,0,1,0.1492,16.68333244,307,13,31.39999962,-306.7943,10,15,11,1.155
339,1993,Eucalyptus petraea,"Cardunia Rocks, WA",-30.93444444,122.5502778,0.1193,18.13333321,48.86018472,273,15,33.29999924,-272.7713,5,112.5,25,19.6875,eucalyptus_petraea,0,0,1,0.1395,18.32500107,323,13,34.23333308,-322.7685333,5,112.5,25,19.6875
3424,2001,Eucalyptus kondininensis,"Yealering, WA",-32.58611111,117.6644444,0.1828,16.86249924,49.58333206,367,10,31.70000076,-366.7993,10,84,9,5.292,eucalyptus_kondininensis,0,0,1,0.1828,16.86249924,367,10,31.70000076,-366.7993,10,84,9,5.292
3426,2001,Eucalyptus orthostemon,"Yealering, WA",-32.58611111,117.6644444,0.1828,16.86249924,49.45711603,367,10,31.70000076,-366.7993,7,42.5,3.5,1.04125,eucalyptus_orthostemon,0,0,1,0.18335,17.56041462,388,10,32.85000038,-387.7885,7,42.5,3.5,1.04125
343,1993,Eucalyptus flavida,"Bronco Plains, WA",-30.84083333,122.8369444,0.1134,18.14166641,47.83656226,260,14,33.20000076,-259.7709,10,87.5,12,7.35,eucalyptus_histophylla,0,0,1,0.122266667,17.87916547,272.6666667,13.33333333,32.86666692,-272.4419667,8.666666667,90,11.66666667,7.338333333
3438,2001,Eucalyptus astringens subsp. astringens,"Dragon Rocks, WA",-32.73361111,119.0052778,0.1863,15.89999962,50.27390862,359,14,30.29999924,-358.8074,25,100,17.5,12.25,eucalyptus_astringens,0,0,1,0.2075,16.9916668,430,11.5,32.10000039,-429.7942,25,100,17.5,12.25
3439,2001,Eucalyptus phenax subsp. phenax,"Pingaring, WA",-32.73361111,119.0052778,0.1863,15.89999962,51.54019902,359,14,30.29999924,-358.8074,7,85,18,10.71,eucalyptus_phenax,0,0,1,0.1938,16.34999987,382.6666667,16,30.46666641,-382.4691667,7,85,18,10.71
3448,2001,Eucalyptus aequioperta,"Hyden, WA",-32.05138889,118.8983333,0.1532,17.35000038,51.50463104,326,14,33.5,-325.7873,10,85,9,5.355,eucalyptus_aequioperta,0,0,1,0.1532,17.35000038,326,14,33.5,-325.7873,10,85,9,5.355
3454,2001,Eucalyptus thamnoides,"Quairading, WA",-31.97111111,117.2027778,0.1807,17.23333359,50.05973816,381,10,33,-380.7893,4,87.5,16,9.8,eucalyptus_thamnoides,0.25,0.25,1.25,0.1807,17.23333359,381,10,33,-380.7893,4,87.5,16,9.8
3457,2001,Eucalyptus salicola,"Baandie, WA",-31.58555556,117.9913889,0.1382,18.25416565,48.83512497,313,12,33.79999924,-312.7737,15,70,8,3.92,eucalyptus_salicola,0,0,1,0.1382,18.25416565,313,12,33.79999924,-312.7737,15,70,8,3.92
3497,2001,Eucalyptus subangusta subsp. pusilla,"Kalannie, WA",-29.77222222,117.0613889,0.1301,19.35416603,45.86148834,313,12,35.79999924,-312.7596,7,92.5,10,6.475,eucalyptus_subangusta,0,0,1,0.1301,19.35416603,313,12,35.79999924,-312.7596,7,92.5,10,6.475
3498,2001,Eucalyptus wubinensis,"Kalannie, WA",-29.80194444,117.1219444,0.1338,19.25833321,50.49284352,322,13,35.70000076,-321.7596,8,85,11,6.545,eucalyptus_wubinensis,0,0,1,0.114633333,18.5819444,261.6666667,13.33333333,33.83333359,-261.4397,9.333333333,97.66666667,12.33333333,8.491
3536,2001,Eucalyptus cuprea,"Murchison River, WA",-27.74833333,114.675,0.1326,20.89999962,52.10526657,325,4,36.29999924,-324.7551,6,107.5,16,12.04,eucalyptus_cuprea,0,0,1,0.1326,20.89999962,325,4,36.29999924,-324.7551,6,107.5,16,12.04
3571,2001,Eucalyptus proxima,"Desmond, WA",-33.63777778,120.1502778,0.2177,16.09166718,55,389,17,27.60000038,-388.8214,3,15,19,1.995,eucalyptus_proxima,0.25,0.25,1.25,0.2177,16.09166718,389,17,27.60000038,-388.8214,3,15,19,1.995
3579,2001,Eucalyptus purpurata,"Bandalup Hill 1, WA",-33.66861111,120.4008333,0.2346,16.4375,54.91352463,428,17,28,-427.8176,10,70,11,5.39,eucalyptus_purpurata,0.5,0.5,1.5,0.2346,16.4375,428,17,28,-427.8176,10,70,11,5.39
3583,2001,Eucalyptus suggrandis subsp. suggrandis,"Desmond, WA",-33.70861111,120.1163889,0.2328,16.32083321,54.49669126,412,16,27.29999924,-411.8231,5,62.5,14.5,6.34375,eucalyptus_suggrandis,0,0,1,0.21585,15.88541661,381.5,15,27.64999962,-381.32335,5,57,10.5,4.3435
3584,2001,Eucalyptus indurata,"Desmond, WA",-33.71722222,120.1055556,0.2337,16.41666603,55.96405411,416,16,27.39999962,-415.822,8,84,16,9.408,eucalyptus_indurata,0,0,1,0.2337,16.41666603,416,16,27.39999962,-415.822,8,84,16,9.408
3588,2001,Eucalyptus conglobata subsp. conglobata,"Quaggi Beach, WA",-33.8075,121.2994444,0.3105,16.54166603,50.62326586,548,15,26.70000076,-547.8236,20,100,27.5,19.25,eucalyptus_conglobata,0.25,0.0625,1.0625,0.196325,17.25729151,356.75,11,30.37500019,-356.54815,20,100,27.5,19.25
3606,2001,Eucalyptus creta,"Mt Ney, WA",-33.07166667,122.8166667,0.2043,16.23333,54.61432,368,21,29.1,-367.82,10,93.5,23.5,15.38075,eucalyptus_creta,0,0,1,0.2043,16.23333,368,21,29.1,-367.82,10,93.5,23.5,15.38075
3607,2001,Eucalyptus terebra,"Mt Buraminya, WA",-33.06694444,122.8219444,0.2043,16.23333,54.61432,368,21,29.1,-367.82,12,77.5,8.5,4.61125,eucalyptus_terebra,0,0,1,0.2043,16.23333,368,21,29.1,-367.82,12,77.5,8.5,4.61125
3618,2002,Eucalyptus luculenta,"Mt Buraminya, WA",-33.1575,123.0655556,0.2014,16.36667,55.53279,364,20,29.3,-363.8193,5,110,25,19.25,eucalyptus_luculenta,0,0,1,0.2014,16.36667,364,20,29.3,-363.8193,5,110,25,19.25
3644,2001,Eucalyptus pileata,"Norseman, WA",-32.52388889,121.6133333,0.1478,16.6875,50.980865,282,14,30.5,-281.8094,6,12.5,16,1.4,eucalyptus_pileata,0,0,1,0.1493,16.535415,286.5,13,30.2,-286.30825,6,12.5,16,1.4
3645,2001,Eucalyptus gracilis,"Norseman, WA",-32.40472222,121.7772222,0.1494,17.20417,50.81063,295,18,31.2,-294.8027,7,77.5,10.5,5.69625,eucalyptus_gracilis,0,0,1,0.1494,17.20417,295,18,31.2,-294.8027,7,77.5,10.5,5.69625
3646,2001,Eucalyptus stricklandii,"Norseman, WA",-32.19416667,121.7108333,0.1514,17.1,50.44192,303,19,31.6,-302.8,9,145,25,25.375,eucalyptus_stricklandii,0,0,1,0.1514,17.1,303,19,31.6,-302.8,9,145,25,25.375
3660,2001,Eucalyptus frenchiana,"Disappointment Rock, WA",-32.17333333,121.1375,0.1405,16.82083,49.5912,285,15,31.3,-284.7973,12,80,8.5,4.76,eucalyptus_frenchiana,0,0,1,0.1405,16.82083,285,15,31.3,-284.7973,12,80,8.5,4.76
3669,2001,Eucalyptus polita,"South Ironcap, WA",-32.59861111,119.7363889,0.2106,15.87917,50.23148,405,13,29.9,-404.8078,15,95,11,7.315,eucalyptus_polita,0,0,1,0.2106,15.87917,405,13,29.9,-404.8078,15,95,11,7.315
3670,2001,Eucalyptus olivina,"South Ironcap, WA",-32.61194444,119.7352778,0.2124,15.85,50.33201,406,13,29.8,-405.8089,10,62.5,6,2.625,eucalyptus_olivina,0,0,1,0.2124,15.85,406,13,29.8,-405.8089,10,62.5,6,2.625
3678,2001,Eucalyptus alipes,"Hyden, WA",-32.44722222,119.3266667,0.1761,16.94583,52.07581,364,16,32.5,-363.7934,8,52.5,7.5,2.75625,eucalyptus_alipes,0,0,1,0.1761,16.94583,364,16,32.5,-363.7934,8,52.5,7.5,2.75625
3705,2001,Eucalyptus utilis,"Hopetoun, WA",-33.94722222,120.1175,0.0375,20.61249924,37.21031449,97,0,40.90000153,-96.7415,7,62.5,20,8.75,eucalyptus_utilis,0,0.125,1.125,0.09865,19.83541462,245,0,40.60000077,-244.74785,7,62.5,20,8.75
3739,2001,Eucalyptus extensa,"Tarin Rock, WA",-33.69083333,117.7536111,0.2134,15.98333,52.36111,397,12,29.8,-396.8141,12,72.5,12.5,6.34375,eucalyptus_extensa,0,0,1,0.2134,15.98333,397,12,29.8,-396.8141,12,72.5,12.5,6.34375
3762,2001,Eucalyptus preissiana subsp. preissiana,"Mobrup, WA",-34.12416667,117.0661111,0.295,15.44167,53.46045,513,14,29.3,-512.8262,2.5,97.5,37.5,25.59375,eucalyptus_preissiana,1,1,2,0.295,15.44167,513,14,29.3,-512.8262,2.5,97.5,37.5,25.59375
3796,2002,Eucalyptus blakelyi,Warby Range Vic,-36.29861111,146.1644444,0.4651,14.44167,46.9313,747,37,29.5,-746.8395,25,130,26,23.66,eucalyptus_blakelyi,0,0,1,0.40875,16.627085,714.5,32.5,30.6,-714.323,17.5,116.25,19.5,16.49375
3799,2002,Eucalyptus mannifera subsp. Alpine Victoria,"Mt Buffalo, Vic",-36.70944444,146.8272222,0.9536,10.81667,45.296185,1300,55,24.6,-1299.8637,20,127.5,20,17.85,eucalyptus_mannifera,0.5,0.25,1.25,0.7435,12.00625,1022.5,49,25.15,-1022.36205,20,127.5,20,17.85
4172,2002,Eucalyptus largiflorens,"Cooper Creek, SA",-28.70333333,138.4572222,0.046,21.82917,47.54988,136,7,38,-135.7046,20,120,14,11.76,eucalyptus_largiflorens,0,0,1,0.0917,19.74375,213,11.5,35.55,-212.74685,20,120,14,11.76
4197,2017,Corymbia polycarpa,"Daly Waters, NT",-16.25083333,133.3988889,0.2744,26.52916718,56.78893661,715,0,38,-714.7395,20,143,24,24.024,corymbia_polycarpa,0,0,1,0.2744,26.52916718,715,0,38,-714.7395,20,143,24,24.024
4241,2002,Eucalyptus argillacea,"Mt House Station, WA",-17.1,125.5452778,0.3061,26.6125,57.54419,823,0,38.1,-822.7312,5,95,23.5,15.6275,eucalyptus_argillacea,0,0,1,0.3061,26.6125,823,0,38.1,-822.7312,5,95,23.5,15.6275
4283,2002,Eucalyptus lucasii,"Kumarina roadhouse, WA",-24.63805556,119.6091667,0.069,22.49167,45.87240333,211,3,38.3,-210.6946,10,115,20,16.1,eucalyptus_lucasii,0,0,1,0.102333333,22.52361333,304.6666667,3.333333333,38.13333333,-304.3672667,8.333333333,111.6666667,17.83333333,14.04083333
4587,2004,Eucalyptus cornuta,"Middle Island, WA",-34.09722222,123.1772222,0.373,15.96667,56.76768,623,20,24.4,-622.8331,20,97.5,21.5,14.67375,eucalyptus_cornuta,1,1,2,0.373,15.96667,623,20,24.4,-622.8331,20,97.5,21.5,14.67375
4629,2004,Eucalyptus diversicolor,"Warren National Park, WA",-34.49194444,115.9516667,0.7864,15.24167,51.69492,1229,23,25.5,-1228.8438,80,102.5,26,18.655,eucalyptus_diversicolor,1,1,2,0.7864,15.24167,1229,23,25.5,-1228.8438,80,102.5,26,18.655
4801,2006,Eucalyptus retusa,"Point Hood, WA",-34.3875,119.5697222,NA,NA,NA,NA,NA,NA,NA,4,42.5,17.5,5.20625,eucalyptus_retusa,0.5,0.5,1.5,NA,NA,NA,NA,NA,NA,4,42.5,17.5,5.20625
4805,2006,Eucalyptus conferruminata subsp. conferruminata,"Bald Head, WA",-35.10972222,118.0169444,0.0808,18.45000076,36.21063995,184,3,35.20000076,-183.7725,5,69.5,22.5,10.94625,eucalyptus_conferruminata,1,1,2,0.0808,18.45000076,184,3,35.20000076,-183.7725,5,69.5,22.5,10.94625
482,1994,Eucalyptus porosa,"Mt Wudinna, SA",-32.98583333,135.5469444,0.1605,16.8875,53.93433,334,12,32,-333.792,12,85,15.5,9.2225,eucalyptus_porosa,0,0,1,0.1605,16.8875,334,12,32,-333.792,12,85,15.5,9.2225
4883,2006,Eucalyptus saxatilis,"Mt Wheeler, Vic",-37.075,148.375,0.4877,13.0625,46.51580811,682,46,25.89999962,-681.8602,5,127.5,13.5,12.04875,eucalyptus_saxatilis,0.25,0.25,1.25,0.4877,13.0625,682,46,25.89999962,-681.8602,5,127.5,13.5,12.04875
5046,2010,Eucalyptus eremophila,"Hatter Hill, WA",-32.82583333,119.9833333,0.1715,15.875,55.65344,326,12,29.3,-325.81,5,80,15,8.4,eucalyptus_eremophila,0,0,1,0.1412,16.5,288,12.5,28.85,-287.7924,5,80,15,8.4
5053,2010,Eucalyptus omissa,"Mt Madden, WA",-33.20277778,119.8322222,0.1827,16.08333,53.29218,344,17,29.7,-343.8119,4,53.5,9.5,3.55775,eucalyptus_depauperata,0,0,1,0.1827,16.08333,344,17,29.7,-343.8119,4,53.5,9.5,3.55775
5057,2010,Eucalyptus sinuosa,"Hamersley River, WA",-33.78777778,119.7716667,0.249,16.12083,56.594605,441,18,27.6,-440.8229,4,62.5,5.5,2.40625,eucalyptus_mcquoidii,1,1,2,0.25085,16.025,435.5,17.5,27.5,-435.3264,4,62.5,5.5,2.40625
5075,2010,Eucalyptus todtiana,"Jurien Bay, WA",-30.19833333,115.1480556,0.2523,19.57917,52.59784,565,7,33.7,-564.7762,5,102.5,18.5,13.27375,eucalyptus_todtiana,1,1,2,0.2523,19.57917,565,7,33.7,-564.7762,5,102.5,18.5,13.27375
5112,2010,Corymbia ellipsoidea,"Mt Garnet, Qld",-17.63777778,145.0575,0.4268,21.74167,56.33013,845,7,31.4,-844.8021,15,132.5,15,13.9125,corymbia_ellipsoidea,0,0,1,0.4268,21.74167,845,7,31.4,-844.8021,15,132.5,15,13.9125
5121,2010,Eucalyptus paedoglauca,"Mt Stuart 2, Qld",-19.34333333,146.7811111,0.6067,21.94583,50.04789,1172,19,29.6,-1171.8069,17,110,24.5,18.865,eucalyptus_paedoglauca,0,0,1,0.6067,21.94583,1172,19,29.6,-1171.8069,17,110,24.5,18.865
5136,2010,Eucalyptus farinosa,"Lolworth Range, Qld",-20.30972222,145.3919444,0.2905,22.3875,50.31646,654,11,33.3,-653.775,9,90,36,22.68,eucalyptus_farinosa,0.25,0.25,1.25,0.2905,22.3875,654,11,33.3,-653.775,9,90,36,22.68
5144,2010,Eucalyptus lockyeri subsp. exuta,"White Mountains, Qld",-20.67388889,145.2408333,0.259,22.49583435,53.03626292,604,9,33.40000153,-603.7669,12,135,14,13.23,eucalyptus_lockyeri,0,0,1,0.6294,21.34166718,1197,11,31.10000077,-1196.79395,10.5,127.5,20.75,18.165
5156,2010,Eucalyptus camaldulensis subsp. camaldulensis,"Currency Creek, SA",-35.45444444,138.76,0.2738,16.15,50.961745,481,17,27.6,-480.8244,40,190,19.5,25.935,eucalyptus_camaldulensis,0.5,0.375,1.375,0.279,16.054165,480.5,14,26.95,-480.3278,40,190,19.5,25.935
520,1994,Eucalyptus articulata,"Mulga Rock, WA",-30.14222222,123.2777778,0.1022,18.425,48.73998,242,12,33.5,-241.7634,3,90,12.5,7.875,eucalyptus_articulata,0,0,1,0.1022,18.425,242,12,33.5,-241.7634,3,90,12.5,7.875
5200,2010,Eucalyptus trivalva,"Mt Woodroffe, SA",-26.31305556,131.7477778,0.1409,17.225,45.49549,365,14,32.3,-364.741,5,95,18,11.97,eucalyptus_pilbarensis,0,0,1,0.1409,17.225,365,14,32.3,-364.741,5,95,18,11.97
522,1994,Eucalyptus plumula,"Mulga Rock, WA",-30.01611111,123.1225,0.101,18.625,45.9047125,245,12,33.8,-244.7576,10,70,7,3.43,eucalyptus_formanii,0,0,1,0.1028,18.7854175,250.25,11.5,34.475,-250.0067,12,63.75,4.9375,2.226875
5229,2010,Eucalyptus dumosa,"Yunta, SA",-32.90972222,139.5927778,0.121,16.53333,49.468385,272,16,32.7,-271.7753,10,84,16.5,9.702,eucalyptus_dumosa,0,0,1,0.1363,16.897915,289,17,32.65,-288.78675,10,84,16.5,9.702
5230,2010,Eucalyptus flindersii,"Pualco Hill, SA",-32.97083333,139.6325,0.1227,16.39167,46.47588333,272,16,32.2,-271.7784,5,117.5,20,16.45,eucalyptus_flindersii,0,0.166666667,1.166666667,0.175066667,15.67916667,386.6666667,22.66666667,30.76666667,-386.4455667,5,117.5,20,16.45
5256,2010,Eucalyptus moorei subsp. moorei,"Blue Mountains, NSW",-33.52944444,150.27,0.909,11.74583,43.85369,1196,62,23.4,-1195.8685,7,60,8.5,3.57,eucalyptus_moorei,1,1,2,0.909,11.74583,1196,62,23.4,-1195.8685,7,60,8.5,3.57
526,1994,Eucalyptus cylindrocarpa,"Lake Minigwal, WA",-29.59416667,123.0941667,0.0923,19.35833,47.38016,237,10,34.6,-236.7434,6,80,9,5.04,eucalyptus_cylindrocarpa,0,0,1,0.0923,19.35833,237,10,34.6,-236.7434,6,80,9,5.04
5262,2010,Eucalyptus capitellata,"Cessnock, NSW",-32.86111111,151.3461111,0.4994,17.54167,50.14065,809,36,28.9,-808.8381,25,105,27.5,20.2125,eucalyptus_capitellata,0.5,0.5,1.5,0.4994,17.54167,809,36,28.9,-808.8381,25,105,27.5,20.2125
5263,2010,Eucalyptus x castrensis,"Pokolbin, NSW",-32.75611111,151.2386111,0.4764,17.32917,50.1773,780,36,28.8,-779.8363,5,80,13.5,7.56,eucalyptus_castrensis,1,1,2,0.4764,17.32917,780,36,28.8,-779.8363,5,80,13.5,7.56
5466,2011,Eucalyptus sp. Dunbar Road,"Marvel Loch, WA",-31.78361111,119.5936111,0.1581,16.90833,48.02158,339,15,32.3,-338.7857,16,100,15,10.5,eucalyptus_urna,0,0,1,0.1581,16.90833,339,15,32.3,-338.7857,16,100,15,10.5
549,1994,Eucalyptus lesouefii,"Kalgoorlie, WA",-30.96194,121.5639,0.1185,18.51667,47.51157,280,14,33.9,-279.7638,15,137.5,18.5,17.80625,eucalyptus_lesouefii,0,0,1,0.1185,18.51667,280,14,33.9,-279.7638,15,137.5,18.5,17.80625
5507,2011,Eucalyptus sp. Southern wheatbelt,"Lake Magenta, WA",-33.59361,119.3983,0.218,15.675,54.82456,384,17,28.1,-383.8239,5,80,15.5,8.68,eucalyptus_leptocalyx,0.25,0.25,1.25,0.218,15.675,384,17,28.1,-383.8239,5,80,15.5,8.68
5509,2011,Eucalyptus sp. Lake Magenta,"Lake Magenta, WA",-33.57806,119.2222,0.2046,15.66667,54.60526,361,15,28.1,-360.8236,4,64,9,4.032,eucalyptus_captiosa,0,0,1,0.2046,15.66667,361,15,28.1,-360.8236,4,64,9,4.032
5514,2011,Eucalyptus brandiana,"Fitzgerald River, WA",-34.07694,119.5244,0.2962,16.27083,57.08286333,502,18,26.9,-501.8306,5,189,52,68.796,eucalyptus_tetraptera,0,0.166666667,1.166666667,0.261,16.25972333,459,19.66666667,28.23333333,-458.8238667,4.333333333,84.66666667,51.66666667,30.74283333
5535,2011,Eucalyptus relicta,"Blackwood River, WA",-34.02194,115.4361,0.5301,16.24583,53.04233,922,13,27.1,-921.8262,12,134,22.5,21.105,eucalyptus_lanepoolei,1,1,2,0.5301,16.24583,922,13,27.1,-921.8262,12,134,22.5,21.105
5541,2011,Eucalyptus exilis,"Boyagin Rock, WA",-32.47167,116.8747,0.2389,16.46667,50.4321,479,11,31.8,-478.7996,4,50,11.5,4.025,eucalyptus_exilis,1,1,2,0.2389,16.46667,479,11,31.8,-478.7996,4,50,11.5,4.025
5575,2011,Eucalyptus baudiniana - E. oraria intergrade,"Murchison House Station, WA",-27.42806,114.3017,0.1435,21.2875,53.06061,351,3,36.1,-350.7556,NA,NA,NA,NA,eucalyptus_ovularis,0,0,1,0.1435,21.2875,351,3,36.1,-350.7556,NA,NA,NA,NA
569,1994,Eucalyptus cinerea subsp. triplex,"Beechworth, Vic",-36.30722,146.6678,0.5283,14.15,47.04492,841,38,30.1,-840.8409,10,77.5,21,11.3925,eucalyptus_cinerea,1,1,2,0.5283,14.15,841,38,30.1,-840.8409,10,77.5,21,11.3925
57,1994,Eucalyptus lansdowneana,"Scrubby Peak, SA",-32.59167,135.2583,0.2786,18.70833,46.717905,541,0,30.5,-540.8059,6,120,21,17.64,eucalyptus_lansdowneana,0,0,1,0.20905,17.872915,423,6,31.1,-422.79365,6,120,21,17.64
5750,2011,Corymbia deserticola subsp. deserticola,"Mt Augustus, WA",-24.32583,116.8431,0.1135,21.75833,44.10774,329,5,37.5,-328.7103,6,41,22.5,6.4575,corymbia_deserticola,0,0,1,0.1135,21.75833,329,5,37.5,-328.7103,6,41,22.5,6.4575
5810,2011,Eucalyptus oligantha,"Walcott Inlet, WA",-16.00083,125.4758,0.4473,25.7375,58.15527,1086,2,35.6,-1085.757,12,127.5,131.5,117.3637,eucalyptus_oligantha,0,0,1,0.4473,25.7375,1086,2,35.6,-1085.757,12,127.5,131.5,117.3637
5868,2015,Eucalyptus cunninghamii,"Pulpit Rock 2, NSW",-33.73472,150.3147,0.7403,13.74167,45.61815,1049,48,24.6,-1048.858,2,65,5.5,2.5025,eucalyptus_cunninghamii,1,1,2,0.7403,13.74167,1049,48,24.6,-1048.858,2,65,5.5,2.5025
5966,2013,Eucalyptus brachycalyx - E. laevis intergrade,"Eyre Bird Observatory, WA",-32.065,126.4378,0.1013,17.84167,60.91504,233,11,30.3,-232.7701,NA,NA,NA,NA,eucalyptus_brachycalyx,0,0,1,0.1013,17.84167,233,11,30.3,-232.7701,NA,NA,NA,NA
598,1994,Eucalyptus smithii,"Mother Woila, NSW",-36.00417,149.6578,0.7696,10.39583,47.10961,935,48,21.8,-934.8786,45,135,11.5,10.8675,eucalyptus_smithii,1,1,2,0.7696,10.39583,935,48,21.8,-934.8786,45,135,11.5,10.8675
6010,2013,Eucalyptus litorea,"Point Malcolm, WA",-33.76111,123.7442,0.2591,16.44167,57.70609,461,13,26,-460.8222,6,87.5,16.5,10.10625,eucalyptus_litorea,0,0,1,0.2591,16.44167,461,13,26,-460.8222,6,87.5,16.5,10.10625
604,1994,Eucalyptus amplifolia subsp. amplifolia,"Nerriga, NSW",-35.09472,150.1156,0.6038,13.0625,49.12346,825,48,25.2,-824.8634,30,162.5,43,48.9125,eucalyptus_amplifolia,1,0.75,1.75,0.75005,16.152085,1166.5,48,26.9,-1166.3477,20,90.75,29.75,25.5535
6093,2013,Eucalyptus victoriana,"Mount Thackeray 3, Vic",-37.29139,142.3294,0.8577,10.225,44.55445,1073,37,22.3,-1072.875,20,111,37.5,29.1375,eucalyptus_victoriana,1,1,2,0.8577,10.225,1073,37,22.3,-1072.875,20,111,37.5,29.1375
6095,2013,Eucalyptus cypellocarpa - E. goniocalyx intergrade,"Brisbane Ranges, Vic",-37.76278,144.2656,0.5613,12.62917,46.822225,749,48,25.5,-748.8666,NA,NA,NA,NA,eucalyptus_cypellocarpa,0.333333333,0.541666667,1.541666667,0.59845,12.35,790.5,49,24.9,-790.3679,NA,NA,NA,NA
6105,2013,Eucalyptus tricarpa,"Moyreisk, Vic",-36.97056,143.3631,0.3951,13.68333,49.90102,621,29,28.1,-620.8429,35,150,18,18.9,eucalyptus_tricarpa,0,0,1,0.4195,13.925,636.5,33.5,27.6,-636.34805,35,150,18,18.9
6119,2013,Eucalyptus falciformis,"Mt Burr, SA",-37.68972,140.5547,0.5926,13.61667,51.091855,801,18,24.2,-800.8649,20,127.5,20,17.85,eucalyptus_willisii,0.5,0.25,1.25,0.4341,13.889585,630.5,19,26.4,-630.34905,20,127.5,20,17.85
6158,2013,Eucalyptus viminalis subsp. viminalis,"Mt Kapultar, NSW",-30.27417,150.1647,0.6224,12.40833,42.97521,933,56,25.1,-932.8501,90,158.5,19,21.0805,eucalyptus_viminalis,0.25,0.25,1.25,0.6224,12.40833,933,56,25.1,-932.8501,90,158.5,19,21.0805
616,1994,Eucalyptus camphora subsp. camphora,"Wingello, NSW",-34.65722,150.2169,0.673,13.20417,46.98369,929,51,24.8,-928.862,10,90,22.5,14.175,eucalyptus_camphora,1,0.833333333,1.833333333,0.659266667,12.51111333,878.3333333,50.66666667,24.36666667,-878.2005667,25,110,30,23.0125
6177,2013,Eucalyptus bakeri,"Durakai State Forest, Qld",-28.20917,151.6608,0.3888,17.0125,49.15995,699,27,28.9,-698.8203,12,72.5,10,5.075,eucalyptus_bakeri,0,0,1,0.3888,17.0125,699,27,28.9,-698.8203,12,72.5,10,5.075
618,1994,Eucalyptus quadrangulata,"Mittagong, NSW",-34.40556,150.5028,0.7742,13.5125,47.73425,1067,50,24.5,-1066.862,50,147.5,16,16.52,eucalyptus_quadrangulata,1,1,2,0.7742,13.5125,1067,50,24.5,-1066.862,50,147.5,16,16.52
6196,2013,Eucalyptus scoparia,"Tenterfield, NSW",-29.07083,151.9144,0.5587,14.325,48.47856,866,40,25.9,-865.8451,15,110,10,7.7,eucalyptus_scoparia,0.75,0.75,1.75,0.5587,14.325,866,40,25.9,-865.8451,15,110,10,7.7
6197,2013,Eucalyptus boliviana,"Bolivia Hill, NSW",-29.35306,151.9161,0.5653,13.74167,47.31638,859,37,25.2,-858.8481,12,120,40,33.6,eucalyptus_boliviana,0.25,0.25,1.25,0.5653,13.74167,859,37,25.2,-858.8481,12,120,40,33.6
6258,2013,Angophora inopina,"Wyee, NSW",-33.18694,151.4917,0.782,17.78333,47.31993,1245,60,26.8,-1244.841,8,82.5,19,10.9725,angophora_inopina,0,0,1,0.782,17.78333,1245,60,26.8,-1244.841,8,82.5,19,10.9725
6263,2013,Eucalyptus baeuerlenii,"Wentworth Falls 2, NSW",-33.7275,150.3728,0.8764,13.22917,45.55817,1212,54,24.1,-1211.862,20,122.5,18,15.435,eucalyptus_baeuerlenii,0.25,0.25,1.25,0.8764,13.22917,1212,54,24.1,-1211.862,20,122.5,18,15.435
6276,2013,Eucalyptus corticosa,"Olinda, NSW",-32.85722,150.2403,0.5612,13.6,48.705345,829,49,26.3,-828.8524,8,110,15.5,11.935,eucalyptus_corticosa,0.5,0.25,1.25,0.4112,13.916665,635,34.5,27.55,-634.84185,11.5,113.75,15.25,12.13625
6282,2013,Eucalyptus macarthurii,"Boyd Plateau, NSW",-33.97083,150.0569,0.9096,10.26667,43.81599,1093,70,22,-1092.88,40,135,17.5,16.5375,eucalyptus_macarthurii,0.25,0.25,1.25,0.9096,10.26667,1093,70,22,-1092.88,40,135,17.5,16.5375
6284,2013,Eucalyptus blaxlandii,"Kanangra Walls, NSW",-33.98472,150.1092,0.821,11.72917,43.74003,1063,61,22.7,-1062.871,35,90,20,12.6,eucalyptus_blaxlandii,0.666666667,0.666666667,1.666666667,0.821,11.72917,1063,61,22.7,-1062.871,35,90,20,12.6
632,1994,Corymbia eximia,"Wisemans Ferry, NSW",-33.38972,150.9825,0.5615,17.375,48.83721,900,38,27.3,-899.8398,20,170,38.5,45.815,corymbia_eximia,1,1,2,0.5615,17.375,900,38,27.3,-899.8398,20,170,38.5,45.815
6355,2013,Eucalyptus laevis,"Kangawarie Rockhole, WA",-33.26528,123.6319,0.2005,16.20833,57.22222,360,20,28.7,-359.8206,10,85,7.5,4.4625,eucalyptus_melanoxylon,0,0,1,0.2005,16.20833,360,20,28.7,-359.8206,10,85,7.5,4.4625
6377,2013,Eucalyptus forrestiana,"Mt Ney, WA",-33.44389,122.4722,0.2436,16.40833,55.5788,440,21,29.5,-439.8195,4,75,20,10.5,eucalyptus_forrestiana,0,0,1,0.2436,16.40833,440,21,29.5,-439.8195,4,75,20,10.5
6403,2013,Eucalyptus herbertiana,"Lake Julius, Qld",-20.12694,139.7175,0.1686,25.3,52.15443,489,3,36.5,-488.7101,10,150,16,16.8,eucalyptus_herbertiana,0,0,1,0.23615,26.279165,643,2,37,-642.7239,10,150,16,16.8
6422,2013,Eucalyptus leptophleba,"Walkamin, Qld",-17.1375,145.4308,0.5783,22.09583,57.09524,1097,10,30.4,-1096.81,20,175,21,25.725,eucalyptus_leptophleba,0,0,1,0.5783,22.09583,1097,10,30.4,-1096.81,20,175,21,25.725
6447,2013,Eucalyptus acmenoides,"Shute Harbour, Qld",-20.28611,148.7711,0.6523,23.19583,46.72607333,1251,16,30,-1250.808,45,113.5,24.5,19.46525,eucalyptus_acmenoides,0,0.5,1.5,0.479066667,19.97083,892.6666667,20.66666667,29.43333333,-892.4816,36.66666667,111.5,22,17.241
645,1994,Eucalyptus fusiformis,"Macksville, NSW",-30.9025,152.8533,0.8575,18.2875,49.375,1379,39,27.3,-1378.839,30,125,19.5,17.0625,eucalyptus_fusiformis,1,1,2,0.8575,18.2875,1379,39,27.3,-1378.839,30,125,19.5,17.0625
6455,2013,Eucalyptus baileyana,"Blackdown Tableland, Qld",-23.73111,149.1192,0.3233,21.22083,50.1087,671,24,31.9,-670.7925,40,127.5,17.5,15.61875,eucalyptus_baileyana,0,0,1,0.3233,21.22083,671,24,31.9,-670.7925,40,127.5,17.5,15.61875
6457,2013,Eucalyptus propinqua,"Blackdown Tableland, Qld",-23.795,149.0708,0.3525,17.93333,46.53392,637,20,28.8,-636.8194,40,115,20,16.1,eucalyptus_propinqua,0.25,0.25,1.25,0.3525,17.93333,637,20,28.8,-636.8194,40,115,20,16.1
646,1994,Eucalyptus ancophila,"Eungai Creek, NSW",-30.81639,152.8533,0.8463,18.475,49.19094,1375,40,27.7,-1374.838,35,145,33,33.495,eucalyptus_ancophila,0.75,0.75,1.75,0.8463,18.475,1375,40,27.7,-1374.838,35,145,33,33.495
6472,2013,Eucalyptus beaniana,"Isla Gorge, Qld",-25.19111,149.9725,0.3251,20.12917,49.57181,647,25,31.9,-646.8011,15,100,16,11.2,eucalyptus_beaniana,0.25,0.25,1.25,0.3251,20.12917,647,25,31.9,-646.8011,15,100,16,11.2
6473,2015,Eucalyptus tenuipes,"Isla Gorge 2, Qld",-25.19111,149.9725,0.3251,20.12917,49.09146,647,25,31.9,-646.8011,5,92.5,14,9.065,eucalyptus_tenuipes,1,1,2,0.32915,19.5625,646,25,31.5,-645.8038,5,92.5,14,9.065
6474,2013,Eucalyptus sideroxylon,"Barakula SF, Qld",-26.15167,150.3386,0.3332,18.99583,48.80952,645,25,31.1,-644.8065,25,95,25,16.625,eucalyptus_sideroxylon,0,0,1,0.42785,17.10208,743,31,29.15,-742.8228,25,95,25,16.625
6486,2013,Eucalyptus major,"Imbil, Qld",-26.44167,152.6872,0.6757,20.07083,53.18312,1212,35,30.3,-1211.821,20,145,30,30.45,eucalyptus_major,1,1,2,0.6757,20.07083,1212,35,30.3,-1211.821,20,145,30,30.45
6499,2013,Eucalyptus morrisii,"Gunderbooka Range, NSW",-30.63944,145.7667,0.1508,19.775,42.54695,339,19,34.3,-338.7753,4,100,14.5,10.15,eucalyptus_morrisii,0,0,1,0.1508,19.775,339,19,34.3,-338.7753,4,100,14.5,10.15
650,1994,Eucalyptus michaeliana,"Hillgrove, NSW",-30.59083,151.9553,0.5821,13.50417,47.36287,859,31,25.4,-858.8525,30,135,16.5,15.5925,eucalyptus_michaeliana,1,1,2,0.5821,13.50417,859,31,25.4,-858.8525,30,135,16.5,15.5925
6641,2015,Eucalyptus cupularis,"The Black Hills, NT",-19.85194,129.7753,0.1463,25.20417,52.50275,458,1,38.5,-457.6872,8,165,18,20.79,eucalyptus_cupularis,0,0,1,0.1463,25.20417,458,1,38.5,-457.6872,8,165,18,20.79
6645,2015,Eucalyptus ordiana,"Mt Nyulasy, WA",-16.74556,128.2828,0.2598,27.725,56.03113,703,1,39,-702.7295,6,75,50,26.25,eucalyptus_leucophloia,0,0,1,0.2598,27.725,703,1,39,-702.7295,6,75,50,26.25
6646,2015,Eucalyptus obconica,"Durack, WA",-16.46194,128.2119,0.2576,27.95,56.90104,687,1,39.3,-686.7334,8,107.5,12.5,9.40625,eucalyptus_obconica,0,0,1,0.2576,27.95,687,1,39.3,-686.7334,8,107.5,12.5,9.40625
6721,2015,Eucalyptus tenuiramis,"Bicheno, Tas",-41.87722,148.3058,0.559,12.91667,53.46083,708,38,22.1,-707.8734,25,92.5,17.5,11.33125,eucalyptus_tenuiramis,1,1,2,0.559,12.91667,708,38,22.1,-707.8734,25,92.5,17.5,11.33125
6723,2015,Eucalyptus amygdalina,"Cape Tourville, Tas",-42.11806,148.3375,NA,NA,NA,NA,NA,NA,NA,30,87.5,8,4.9,eucalyptus_amygdalina,1,1,2,NA,NA,NA,NA,NA,NA,30,87.5,8,4.9
6736,2015,Eucalyptus dalrympleana,"Derwent River, Tas",-42.17278,146.4931,1.063,8.641666,47.495295,1135,51,20.5,-1134.893,40,150,25,26.25,eucalyptus_dalrympleana,0.5,0.5,1.5,0.994,9.220833,1142.5,52,21.8,-1142.3845,37.5,185,28.75,38.15
6742,2017,Eucalyptus nebulosa,"Serpentine Range, Tas",-41.71361,145.3933,1.908,10.8125,49.533725,2091,91,20.3,-2090.89,7,77.5,11.5,6.23875,eucalyptus_nitida,1,1,2,2.3442,10.0104165,2434.5,106.5,19.65,-2434.395,23.5,85,11.5,6.8425
6746,2015,Angophora hispida,"St Ives, NSW",-33.70917,151.1961,0.8738,16.86667,46.97755,1333,65,25.8,-1332.848,8,82.5,40,23.1,angophora_hispida,0,0,1,0.8738,16.86667,1333,65,25.8,-1332.848,8,82.5,40,23.1
6793,2015,Eucalyptus luehmanniana,"Royal National Park 2, NSW",-34.12667,151.0797,0.835,16.49583,46.39513,1268,66,24.7,-1267.848,7,150,32.5,34.125,eucalyptus_luehmanniana,1,1,2,0.835,16.49583,1268,66,24.7,-1267.848,7,150,32.5,34.125
6794,2015,Eucalyptus camfieldii,"Ku-Ring-Gai Chase, NSW",-33.64333,151.2622,0.8784,16.82917,44.99063,1337,67,25.1,-1336.848,10,85,29,17.255,eucalyptus_bensonii,0.25,0.25,1.25,0.8784,16.82917,1337,67,25.1,-1336.848,10,85,29,17.255
6795,2015,Eucalyptus haemastoma,"Lake Macquarie, NSW",-33.18417,151.6133,0.7802,17.68333,44.5098,1243,64,25.4,-1242.841,12,150,25,26.25,eucalyptus_haemastoma,0,0,1,0.7802,17.68333,1243,64,25.4,-1242.841,12,150,25,26.25
6801,2015,Eucalyptus tindaliae,"Lamington Plateau, Qld",-28.21861,153.2083,1.202,15.97917,46.04283,1777,51,24.6,-1776.852,30,100,24.5,17.15,eucalyptus_tindaliae,1,1,2,1.202,15.97917,1777,51,24.6,-1776.852,30,100,24.5,17.15
684,1994,Corymbia trachyphloia,"Tara, Qld",-27.12528,150.4858,0.3159,18.8625,48.04104,620,25,31.5,-619.8038,15,102.5,17.5,12.55625,corymbia_trachyphloia,0,0,1,0.3159,18.8625,620,25,31.5,-619.8038,15,102.5,17.5,12.55625
685,1994,Eucalyptus nubilis,"Tara, Qld",-27.05611,150.5094,0.3134,18.95417,47.90886,615,25,31.4,-614.8038,35,157.5,35,38.5875,eucalyptus_fibrosa,0.5,0.5,1.5,0.3134,18.95417,615,25,31.4,-614.8038,35,157.5,35,38.5875
686,1994,Eucalyptus argophloia,"Burncluith, Qld",-26.63111,150.7347,0.3121,19.59583,50.80071,631,24,32.5,-630.7979,30,102.5,11,7.8925,eucalyptus_argophloia,0,0,1,0.3121,19.59583,631,24,32.5,-630.7979,30,102.5,11,7.8925
687,1994,Corymbia bloxsomei,"Barakula State Forest, Qld",-26.49472,150.7558,0.3314,19.125,48.37093,642,22,31.4,-641.8064,20,149,22.5,23.4675,corymbia_bloxsomei,0.5,0.5,1.5,0.3314,19.125,642,22,31.4,-641.8064,20,149,22.5,23.4675
689,1994,Eucalyptus dura,"Barakula State Forest, Qld",-26.3525,150.8681,0.3478,18.45833,47.62873,652,24,30,-651.8126,25,22.5,24,3.78,eucalyptus_dura,0,0,1,0.3478,18.45833,652,24,30,-651.8126,25,22.5,24,3.78
6921,2017,Eucalyptus educta,"Jaudi Hills, WA",-30.66583,120.9297,0.1243,18.13333,45.60117,290,12,33.7,-289.7669,4,30,25,5.25,eucalyptus_educta,0,0,1,0.11845,18.29375,279.5,12.5,33.9,-279.2641,4,30,25,5.25
698,1994,Eucalyptus orgadophila,"Rolleston, Qld",-24.57694,148.9006,0.2951,21.19583,52.27273,634,20,33.6,-633.7852,20,122.5,17.5,15.00625,eucalyptus_orgadophila,0.25,0.25,1.25,0.2951,21.19583,634,20,33.6,-633.7852,20,122.5,17.5,15.00625
6993,2017,Eucalyptus kruseana,"Binyarinyinna Rock, WA",-31.57,122.05,0.1191,17.9875,48.98897,260,15,32.6,-259.7818,3,17.5,17.5,2.14375,eucalyptus_kruseana,0,0,1,0.1191,17.9875,260,15,32.6,-259.7818,3,17.5,17.5,2.14375
7047,2017,Eucalyptus pauciflora subsp. parvifructa,"Mt William 2, Vic",-37.29528,142.6025,1.0266,9.454166,42.4535275,1232,47,21.9,-1231.88,30,130,31,28.21,eucalyptus_pauciflora,1,0.75,1.75,1.25095,8.20312575,1378.5,67.25,21.025,-1378.3852,19.25,110,27.625,21.914375
716,1994,Eucalyptus hallii,"Goodwood, Qld",-25.17,152.3722,0.5469,21.225,50.7109,1004,30,30.4,-1003.817,20,145,27.5,27.9125,eucalyptus_hallii,1,1,2,0.5469,21.225,1004,30,30.4,-1003.817,20,145,27.5,27.9125
717,1994,Eucalyptus siderophloia,"Gympie, Qld",-26.13556,152.5806,0.6024,20.4,53.68795,1103,37,30.8,-1102.817,20,130,22.5,20.475,eucalyptus_siderophloia,0.5,0.5,1.5,0.6024,20.4,1103,37,30.8,-1102.817,20,130,22.5,20.475
7220,2017,Eucalyptus marginata subsp. Dull leaf,"Nannup, WA",-33.91556,115.5433,0.5225,15.77083,52.77777,906,14,27.2,-905.8267,35,92.5,22.5,14.56875,eucalyptus_marginata,1,1,2,0.5225,15.77083,906,14,27.2,-905.8267,35,92.5,22.5,14.56875
7228,2017,Eucalyptus jucunda,"Kalbarri Nat. Park, WA",-27.62611,114.3647,0.1539,20.90833,52.8083,363,3,35.7,-362.7643,7,16,15,1.68,eucalyptus_jucunda,0,0,1,0.1539,20.90833,363,3,35.7,-362.7643,7,16,15,1.68
723,1994,Eucalyptus dealbata subsp. dealbata,"Inverell, NSW",-29.90361,150.4872,0.4153,16.67083,47.81673,765,41,30.2,-764.8159,20,97.5,25,17.0625,eucalyptus_dealbata,0.75,0.75,1.75,0.4153,16.67083,765,41,30.2,-764.8159,20,97.5,25,17.0625
7234,2017,Eucalyptus baxteri,"Wilsons Promontory, Vic",-39.02222,146.3217,0.9041,13.28333,42.29025,1088,39,21.5,-1087.88,40,105,35,25.725,eucalyptus_baxteri,0.5,0.5,1.5,0.9041,13.28333,1088,39,21.5,-1087.88,40,105,35,25.725
7236,2017,Eucalyptus cosmophylla,"Clarendon, SA",-35.095,138.6497,0.5186,14.48333,46.58537,859,21,26.5,-858.8344,10,130,31.5,28.665,eucalyptus_cosmophylla,1,1,2,0.5186,14.48333,859,21,26.5,-858.8344,10,130,31.5,28.665
725,1994,Eucalyptus rossii,"Narrabri, NSW",-30.82472,149.4714,0.3628,17.26667,46.24445,693,39,31.7,-692.809,15,102.5,16.5,11.83875,eucalyptus_racemosa,0.75,0.625,1.625,0.67265,14.789585,1001,49,27.55,-1000.838,17.5,117.5,19.5,16.35375
7324,2018,Eucalyptus foecunda subsp. aeolica,"Beekeepers, WA",-29.70861,115.0814,0.2204,20.18333,51.36719,506,5,34.4,-505.7706,5,69,8.5,4.1055,eucalyptus_foecunda,0,0,1,0.2204,20.18333,506,5,34.4,-505.7706,5,69,8.5,4.1055
7356,2018,Eucalyptus oreades,"Mount Victoria, NSW",-33.58417,150.2439,0.8908,11.90833,44.56845,1198,60,23.7,-1197.866,40,127.5,21,18.7425,eucalyptus_oreades,0,0,1,0.8908,11.90833,1198,60,23.7,-1197.866,40,127.5,21,18.7425
7358,2018,Eucalyptus multicaulis,"Faulconbridge, NSW",-33.66556,150.55,0.7835,15.05417,49.26698,1159,47,25.6,-1158.852,8,110,22,16.94,eucalyptus_multicaulis,0.5,0.5,1.5,0.7835,15.05417,1159,47,25.6,-1158.852,8,110,22,16.94
7360,2018,Eucalyptus sparsifolia,"Faulconbridge 2, NSW",-33.66556,150.55,0.7835,15.05417,48.739075,1159,47,25.6,-1158.852,20,102.5,16,11.48,eucalyptus_sparsifolia,0.5,0.25,1.25,0.768,15.46667,1143.5,50.5,25.4,-1143.351,20,102.5,16,11.48
7363,2018,Eucalyptus piperita subsp. urceolaris,"Sassafras 2, NSW",-35.10944,150.29,0.7602,13.26667,47.73083,1019,55,24,-1018.866,20,140,32,31.36,eucalyptus_piperita,0.5,0.5,1.5,0.7602,13.26667,1019,55,24,-1018.866,20,140,32,31.36
7365,2018,Eucalyptus aggregata,"Ballalaba, NSW",-35.67472,149.6347,0.5694,12.175,49.59677,767,38,24.7,-766.8654,20,85,17.5,10.4125,eucalyptus_aggregata,0.5,0.5,1.5,0.5694,12.175,767,38,24.7,-766.8654,20,85,17.5,10.4125
7366,2018,Eucalyptus fraxinoides,"Pikes Saddle, NSW",-35.98472,149.5628,0.8349,9.229167,46.38158,975,56,21.1,-974.8833,40,130,22.5,20.475,eucalyptus_fraxinoides,1,1,2,0.8349,9.229167,975,56,21.1,-974.8833,40,130,22.5,20.475
7367,2018,Eucalyptus olsenii,"Bendethera Mountain, NSW",-35.93556,149.7914,0.7078,12.03333,47.16982,907,43,22.8,-906.8719,12,85,15,8.925,eucalyptus_olsenii,1,1,2,0.7078,12.03333,907,43,22.8,-906.8719,12,85,15,8.925
7369,2018,Eucalyptus lacrimans,"Adaminaby 2, NSW",-36.05194,148.8375,0.5117,9.929167,48.52941,662,42,25.6,-661.8707,12,125,18.5,16.1875,eucalyptus_lacrimans,0,0,1,0.5117,9.929167,662,42,25.6,-661.8707,12,125,18.5,16.1875
737,1994,Eucalyptus macrorhyncha subsp. macrorhyncha,"Grenfell, NSW",-33.92278,148.4136,0.4147,14.85833,45.15152,700,40,30,-699.8313,35,107.5,25,18.8125,eucalyptus_macrorhyncha,0,0,1,0.4147,14.85833,700,40,30,-699.8313,35,107.5,25,18.8125
7372,2018,Eucalyptus glaucescens,"Guthega, NSW",-36.36139,148.4008,1.5363,6.825,42.24638,1631,84,19.7,-1630.894,50,115,23.5,18.9175,eucalyptus_glaucescens,0.25,0.25,1.25,1.5363,6.825,1631,84,19.7,-1630.894,50,115,23.5,18.9175
7379,2018,Eucalyptus elaeophloia,"Nunniong Plateau 2, Vic",-37.08528,148.0786,1.0539,8.05,41.97531,1195,74,20.2,-1194.887,10,92.5,18.5,11.97875,eucalyptus_elaeophloia,0.5,0.5,1.5,1.0539,8.05,1195,74,20.2,-1194.887,10,92.5,18.5,11.97875
7382,2018,Eucalyptus stellulata,"Brumby Point, Vic",-37.05722,148.0553,0.9504,8.370833,42.54587,1098,69,20.6,-1097.884,15,78.5,20.5,11.26475,eucalyptus_stellulata,1,1,2,0.9504,8.370833,1098,69,20.6,-1097.884,15,78.5,20.5,11.26475
7389,2018,Eucalyptus archeri,"Breona 2, Tas",-41.72083,146.725,1.1648,6.945833,49.34583,1081,47,17.1,-1080.907,12,65,19.5,8.8725,eucalyptus_gunnii,0.75,0.875,1.875,1.28905,7.225,1199,62,17.15,-1198.907,13.5,63.75,19.25,8.5925
7398,2018,Eucalyptus subcrenulata,"Derwent Bridge, Tas",-42.21083,146.0933,2.1893,7.520833,50.533365,2030,89,18.5,-2029.907,20,93.5,32.5,21.27125,eucalyptus_subcrenulata,0.75,0.875,1.875,1.8265,7.889583,1704.5,84.5,17.95,-1704.4065,35,100.5,31.25,21.923125
7402,2018,Eucalyptus rodwayi,"Steppes, Tas",-42.12306,146.8914,0.8486,7.866667,49.8325,870,44,19.3,-869.8975,20,92.5,13.5,8.74125,eucalyptus_rodwayi,0,0,1,0.8486,7.866667,870,44,19.3,-869.8975,20,92.5,13.5,8.74125
7403,2018,Eucalyptus vernicosa,"Hartz Mountains 2, Tas",-43.22861,146.7708,2.1538,6.3125,45.91295,1783,100,15.5,-1782.917,4,21,11.5,1.6905,eucalyptus_vernicosa,1,1,2,2.1538,6.3125,1783,100,15.5,-1782.917,4,21,11.5,1.6905
7411,2018,Eucalyptus morrisbyi,"Cremorne 2, Tas",-42.9575,147.505,0.4703,12.16667,50.37879,574,38,21.5,-573.878,16,73.5,27.5,14.14875,eucalyptus_morrisbyi,0,0,1,0.4703,12.16667,574,38,21.5,-573.878,16,73.5,27.5,14.14875
7412,2018,Eucalyptus barberi,"Butlers Ridge, Tas",-42.28639,147.8828,0.6224,10.52083,50.63353,689,40,19.6,-688.8894,8,95,22.5,14.9625,eucalyptus_barberi,0.25,0.25,1.25,0.6224,10.52083,689,40,19.6,-688.8894,8,95,22.5,14.9625
7426,2018,Eucalyptus serraensis,"Sundial, Vic",-37.17194,142.5147,0.7291,10.9125,44.2185,969,36,23.4,-968.8672,5,90,45,28.35,eucalyptus_serraensis,0,0,1,0.7291,10.9125,969,36,23.4,-968.8672,5,90,45,28.35
743,1994,Eucalyptus dawsonii,"Ginghi, NSW",-32.60861,150.0747,0.4369,15.21667,45.3252,695,37,27.8,-694.841,20,115,22,17.71,eucalyptus_dawsonii,0.25,0.25,1.25,0.4369,15.21667,695,37,27.8,-694.841,20,115,22,17.71
746,1994,Eucalyptus caleyi subsp. caleyi,"Bylong, NSW",-32.40361,150.2281,0.3752,16.875,46.80715,648,33,29.9,-647.8274,30,77.5,31.5,17.08875,eucalyptus_caleyi,0,0,1,0.3752,16.875,648,33,29.9,-647.8274,30,77.5,31.5,17.08875
747,1994,Eucalyptus conica,"Bylong, NSW",-32.40389,150.2222,0.3791,16.7875,46.97837,653,33,29.9,-652.8278,20,97.5,17.5,11.94375,eucalyptus_conica,1,1,2,0.3791,16.7875,653,33,29.9,-652.8278,20,97.5,17.5,11.94375
792,1995,Eucalyptus diversifolia subsp. diversifolia,"Kangaroo Island, SA",-35.84417,137.7456,0.3266,15.60417,46.95513,525,11,24.2,-524.8393,6,77.5,16,8.68,eucalyptus_diversifolia,0,0,1,0.3266,15.60417,525,11,24.2,-524.8393,6,77.5,16,8.68
804,1995,Eucalyptus obliqua,"Kangaroo Island, SA",-35.98111,137.1431,0.3683,15.47083,48.66864,582,15,25.3,-581.842,90,140,42.5,41.65,eucalyptus_obliqua,1,1,2,0.3683,15.47083,582,15,25.3,-581.842,90,140,42.5,41.65
983,1995,Eucalyptus cyanophylla,"Berri, SA",-34.33333,140.6569,0.1288,17.07917,52.55281,272,12,32.7,-271.789,5,115,26,20.93,eucalyptus_cyanophylla,0,0,1,0.1288,17.07917,272,12,32.7,-271.789,5,115,26,20.93
